{
  "classname": null,
  "name": null,
  "animation": {
    "classname": null,
    "name": "AnimationManager",
    "actionlist": []
  },
  "dataScale": 1,
  "designHeight": 1136,
  "designWidth": 640,
  "textures": [],
  "texturesPng": [
    "commonRes/Arsenal.png",
    "commonRes/Manchester United.png",
    "MatchListContent/line.png",
    "MatchListContent/info_box.png"
  ],
  "version": "1.5.0.0",
  "widgetTree": {
    "classname": "Panel",
    "name": null,
    "children": [
      {
        "classname": "Label",
        "name": null,
        "children": [],
        "options": {
          "__type": "LabelSurrogate:#EditorCommon.JsonModel.Component.GUI",
          "classname": "Label",
          "name": "score",
          "ZOrder": 4,
          "actiontag": 1941,
          "anchorPointX": 0.5,
          "anchorPointY": 0.5,
          "classType": "CocoStudio.EngineAdapterWrap.CSLabel",
          "colorB": 80,
          "colorG": 200,
          "colorR": 92,
          "customProperty": "",
          "flipX": false,
          "flipY": false,
          "height": 47,
          "ignoreSize": true,
          "layoutParameter": null,
          "opacity": 255,
          "positionPercentX": 0.5,
          "positionPercentY": 0.803508759,
          "positionType": 0,
          "rotation": -0.186639965,
          "scaleX": 1,
          "scaleY": 1,
          "sizePercentX": 0.259375,
          "sizePercentY": 0.164912283,
          "sizeType": 0,
          "tag": 8,
          "touchAble": false,
          "useMergedTexture": false,
          "visible": true,
          "width": 166,
          "x": 320,
          "y": 229,
          "areaHeight": 0,
          "areaWidth": 0,
          "fontFile": null,
          "fontName": "fonts/Helvetica Neue Medium.ttf",
          "fontSize": 40,
          "hAlignment": 1,
          "text": "%d - %d",
          "touchScaleEnable": false,
          "vAlignment": 1
        }
      },
      {
        "classname": "ImageView",
        "name": null,
        "children": [],
        "options": {
          "__type": "ImageViewSurrogate:#EditorCommon.JsonModel.Component.GUI",
          "classname": "ImageView",
          "name": "team1",
          "ZOrder": 1,
          "actiontag": 40,
          "anchorPointX": 0.5,
          "anchorPointY": 0.5,
          "classType": "CocoStudio.EngineAdapterWrap.CSImageView",
          "colorB": 255,
          "colorG": 255,
          "colorR": 255,
          "customProperty": "",
          "flipX": false,
          "flipY": false,
          "height": 220,
          "ignoreSize": false,
          "layoutParameter": null,
          "opacity": 255,
          "positionPercentX": 0.1859375,
          "positionPercentY": 0.5929825,
          "positionType": 0,
          "rotation": 0,
          "scaleX": 0.6,
          "scaleY": 0.6,
          "sizePercentX": 0.34375,
          "sizePercentY": 0.7719298,
          "sizeType": 0,
          "tag": 4,
          "touchAble": false,
          "useMergedTexture": false,
          "visible": true,
          "width": 220,
          "x": 119,
          "y": 169,
          "capInsetsHeight": 0,
          "capInsetsWidth": 0,
          "capInsetsX": 0,
          "capInsetsY": 0,
          "fileName": null,
          "fileNameData": {
            "path": "commonRes/Arsenal.png",
            "plistFile": "",
            "resourceType": 0
          },
          "scale9Enable": false,
          "scale9Height": 220,
          "scale9Width": 220
        }
      },
      {
        "classname": "ImageView",
        "name": null,
        "children": [],
        "options": {
          "__type": "ImageViewSurrogate:#EditorCommon.JsonModel.Component.GUI",
          "classname": "ImageView",
          "name": "team2",
          "ZOrder": 2,
          "actiontag": 41,
          "anchorPointX": 0.5,
          "anchorPointY": 0.5,
          "classType": "CocoStudio.EngineAdapterWrap.CSImageView",
          "colorB": 255,
          "colorG": 255,
          "colorR": 255,
          "customProperty": "",
          "flipX": false,
          "flipY": false,
          "height": 220,
          "ignoreSize": false,
          "layoutParameter": null,
          "opacity": 255,
          "positionPercentX": 0.80625,
          "positionPercentY": 0.5929825,
          "positionType": 0,
          "rotation": 0,
          "scaleX": 0.6,
          "scaleY": 0.6,
          "sizePercentX": 0.34375,
          "sizePercentY": 0.7719298,
          "sizeType": 0,
          "tag": 5,
          "touchAble": false,
          "useMergedTexture": false,
          "visible": true,
          "width": 220,
          "x": 516,
          "y": 169,
          "capInsetsHeight": 0,
          "capInsetsWidth": 0,
          "capInsetsX": 0,
          "capInsetsY": 0,
          "fileName": null,
          "fileNameData": {
            "path": "commonRes/Manchester United.png",
            "plistFile": "",
            "resourceType": 0
          },
          "scale9Enable": false,
          "scale9Height": 220,
          "scale9Width": 220
        }
      },
      {
        "classname": "Label",
        "name": null,
        "children": [],
        "options": {
          "__type": "LabelSurrogate:#EditorCommon.JsonModel.Component.GUI",
          "classname": "Label",
          "name": "team1Name",
          "ZOrder": 2,
          "actiontag": 46,
          "anchorPointX": 0.5,
          "anchorPointY": 0.5,
          "classType": "CocoStudio.EngineAdapterWrap.CSLabel",
          "colorB": 255,
          "colorG": 255,
          "colorR": 255,
          "customProperty": "",
          "flipX": false,
          "flipY": false,
          "height": 31,
          "ignoreSize": true,
          "layoutParameter": null,
          "opacity": 255,
          "positionPercentX": 0.5,
          "positionPercentY": 0.6070175,
          "positionType": 0,
          "rotation": 0,
          "scaleX": 1,
          "scaleY": 1,
          "sizePercentX": 0.34375,
          "sizePercentY": 0.108771928,
          "sizeType": 0,
          "tag": 6,
          "touchAble": false,
          "useMergedTexture": false,
          "visible": true,
          "width": 220,
          "x": 320,
          "y": 173,
          "areaHeight": 0,
          "areaWidth": 0,
          "fontFile": null,
          "fontName": "fonts/Helvetica neue.ttf",
          "fontSize": 26,
          "hAlignment": 1,
          "text": "Manchester United",
          "touchScaleEnable": false,
          "vAlignment": 1
        }
      },
      {
        "classname": "Label",
        "name": null,
        "children": [],
        "options": {
          "__type": "LabelSurrogate:#EditorCommon.JsonModel.Component.GUI",
          "classname": "Label",
          "name": "team2Name",
          "ZOrder": 2,
          "actiontag": 47,
          "anchorPointX": 0.5,
          "anchorPointY": 0.5,
          "classType": "CocoStudio.EngineAdapterWrap.CSLabel",
          "colorB": 255,
          "colorG": 255,
          "colorR": 255,
          "customProperty": "",
          "flipX": false,
          "flipY": false,
          "height": 31,
          "ignoreSize": true,
          "layoutParameter": null,
          "opacity": 255,
          "positionPercentX": 0.5,
          "positionPercentY": 0.480701745,
          "positionType": 0,
          "rotation": 0,
          "scaleX": 1,
          "scaleY": 1,
          "sizePercentX": 0.34375,
          "sizePercentY": 0.108771928,
          "sizeType": 0,
          "tag": 7,
          "touchAble": false,
          "useMergedTexture": false,
          "visible": true,
          "width": 220,
          "x": 320,
          "y": 137,
          "areaHeight": 0,
          "areaWidth": 0,
          "fontFile": null,
          "fontName": "fonts/Helvetica neue.ttf",
          "fontSize": 26,
          "hAlignment": 1,
          "text": "Manchester United",
          "touchScaleEnable": false,
          "vAlignment": 1
        }
      },
      {
        "classname": "Label",
        "name": null,
        "children": [],
        "options": {
          "__type": "LabelSurrogate:#EditorCommon.JsonModel.Component.GUI",
          "classname": "Label",
          "name": "time",
          "ZOrder": 2,
          "actiontag": 48,
          "anchorPointX": 0.5,
          "anchorPointY": 0.5,
          "classType": "CocoStudio.EngineAdapterWrap.CSLabel",
          "colorB": 80,
          "colorG": 200,
          "colorR": 92,
          "customProperty": "",
          "flipX": false,
          "flipY": false,
          "height": 36,
          "ignoreSize": true,
          "layoutParameter": null,
          "opacity": 255,
          "positionPercentX": 0.5,
          "positionPercentY": 0.7964912,
          "positionType": 0,
          "rotation": -0.186639965,
          "scaleX": 1,
          "scaleY": 1,
          "sizePercentX": 0.11875,
          "sizePercentY": 0.126315787,
          "sizeType": 0,
          "tag": 8,
          "touchAble": false,
          "useMergedTexture": false,
          "visible": true,
          "width": 76,
          "x": 320,
          "y": 227,
          "areaHeight": 0,
          "areaWidth": 0,
          "fontFile": null,
          "fontName": "fonts/Helvetica Neue Medium.ttf",
          "fontSize": 30,
          "hAlignment": 1,
          "text": "22:00",
          "touchScaleEnable": false,
          "vAlignment": 1
        }
      },
      {
        "classname": "Label",
        "name": null,
        "children": [],
        "options": {
          "__type": "LabelSurrogate:#EditorCommon.JsonModel.Component.GUI",
          "classname": "Label",
          "name": "Label_7",
          "ZOrder": 0,
          "actiontag": 7,
          "anchorPointX": 0.5,
          "anchorPointY": 0.5,
          "classType": "CocoStudio.EngineAdapterWrap.CSLabel",
          "colorB": 255,
          "colorG": 255,
          "colorR": 255,
          "customProperty": "",
          "flipX": false,
          "flipY": false,
          "height": 35,
          "ignoreSize": true,
          "layoutParameter": null,
          "opacity": 255,
          "positionPercentX": 0.1859375,
          "positionPercentY": 0.182456136,
          "positionType": 0,
          "rotation": 0,
          "scaleX": 1,
          "scaleY": 1,
          "sizePercentX": 0.15625,
          "sizePercentY": 0.122807018,
          "sizeType": 0,
          "tag": 1587,
          "touchAble": false,
          "useMergedTexture": false,
          "visible": true,
          "width": 100,
          "x": 119,
          "y": 52,
          "areaHeight": 0,
          "areaWidth": 0,
          "fontFile": null,
          "fontName": "fonts/Helvetica neue.ttf",
          "fontSize": 30,
          "hAlignment": 0,
          "text": "Friends",
          "touchScaleEnable": false,
          "vAlignment": 0
        }
      },
      {
        "classname": "Label",
        "name": null,
        "children": [],
        "options": {
          "__type": "LabelSurrogate:#EditorCommon.JsonModel.Component.GUI",
          "classname": "Label",
          "name": "Label_8",
          "ZOrder": 0,
          "actiontag": 9,
          "anchorPointX": 0.5,
          "anchorPointY": 0.5,
          "classType": "CocoStudio.EngineAdapterWrap.CSLabel",
          "colorB": 255,
          "colorG": 255,
          "colorR": 255,
          "customProperty": "",
          "flipX": false,
          "flipY": false,
          "height": 35,
          "ignoreSize": true,
          "layoutParameter": null,
          "opacity": 255,
          "positionPercentX": 0.45,
          "positionPercentY": 0.1754386,
          "positionType": 0,
          "rotation": 0,
          "scaleX": 1,
          "scaleY": 1,
          "sizePercentX": 0.0609375,
          "sizePercentY": 0.122807018,
          "sizeType": 0,
          "tag": 1589,
          "touchAble": false,
          "useMergedTexture": false,
          "visible": true,
          "width": 33,
          "x": 288,
          "y": 50,
          "areaHeight": 0,
          "areaWidth": 0,
          "fontFile": null,
          "fontName": "fonts/Helvetica neue.ttf",
          "fontSize": 30,
          "hAlignment": 0,
          "text": "All",
          "touchScaleEnable": false,
          "vAlignment": 0
        }
      },
      {
        "classname": "Label",
        "name": null,
        "children": [],
        "options": {
          "__type": "LabelSurrogate:#EditorCommon.JsonModel.Component.GUI",
          "classname": "Label",
          "name": "Label_9",
          "ZOrder": 0,
          "actiontag": 11,
          "anchorPointX": 0.5,
          "anchorPointY": 0.5,
          "classType": "CocoStudio.EngineAdapterWrap.CSLabel",
          "colorB": 255,
          "colorG": 255,
          "colorR": 255,
          "customProperty": "",
          "flipX": false,
          "flipY": false,
          "height": 35,
          "ignoreSize": true,
          "layoutParameter": null,
          "opacity": 255,
          "positionPercentX": 0.7328125,
          "positionPercentY": 0.171929821,
          "positionType": 0,
          "rotation": 0,
          "scaleX": 1,
          "scaleY": 1,
          "sizePercentX": 0.1421875,
          "sizePercentY": 0.122807018,
          "sizeType": 0,
          "tag": 1591,
          "touchAble": false,
          "useMergedTexture": false,
          "visible": true,
          "width": 91,
          "x": 469,
          "y": 49,
          "areaHeight": 0,
          "areaWidth": 0,
          "fontFile": null,
          "fontName": "fonts/Helvetica neue.ttf",
          "fontSize": 30,
          "hAlignment": 0,
          "text": "Played",
          "touchScaleEnable": false,
          "vAlignment": 0
        }
      },
      {
        "classname": "Label",
        "name": null,
        "children": [],
        "options": {
          "__type": "LabelSurrogate:#EditorCommon.JsonModel.Component.GUI",
          "classname": "Label",
          "name": "friendNum",
          "ZOrder": 2,
          "actiontag": 13,
          "anchorPointX": 0,
          "anchorPointY": 0.5,
          "classType": "CocoStudio.EngineAdapterWrap.CSLabel",
          "colorB": 80,
          "colorG": 200,
          "colorR": 92,
          "customProperty": "",
          "flipX": false,
          "flipY": false,
          "height": 35,
          "ignoreSize": true,
          "layoutParameter": null,
          "opacity": 255,
          "positionPercentX": 0.278125,
          "positionPercentY": 0.178947374,
          "positionType": 0,
          "rotation": 0,
          "scaleX": 1,
          "scaleY": 1,
          "sizePercentX": 0.053125,
          "sizePercentY": 0.122807018,
          "sizeType": 0,
          "tag": 1593,
          "touchAble": false,
          "useMergedTexture": false,
          "visible": true,
          "width": 34,
          "x": 178,
          "y": 51,
          "areaHeight": 0,
          "areaWidth": 0,
          "fontFile": null,
          "fontName": "fonts/Helvetica neue.ttf",
          "fontSize": 30,
          "hAlignment": 1,
          "text": "34",
          "touchScaleEnable": false,
          "vAlignment": 1
        }
      },
      {
        "classname": "Label",
        "name": null,
        "children": [],
        "options": {
          "__type": "LabelSurrogate:#EditorCommon.JsonModel.Component.GUI",
          "classname": "Label",
          "name": "fhNum",
          "ZOrder": 2,
          "actiontag": 15,
          "anchorPointX": 0,
          "anchorPointY": 0.5,
          "classType": "CocoStudio.EngineAdapterWrap.CSLabel",
          "colorB": 80,
          "colorG": 200,
          "colorR": 92,
          "customProperty": "",
          "flipX": false,
          "flipY": false,
          "height": 35,
          "ignoreSize": true,
          "layoutParameter": null,
          "opacity": 255,
          "positionPercentX": 0.4953125,
          "positionPercentY": 0.1754386,
          "positionType": 0,
          "rotation": 0,
          "scaleX": 1,
          "scaleY": 1,
          "sizePercentX": 0.0796875,
          "sizePercentY": 0.122807018,
          "sizeType": 0,
          "tag": 1595,
          "touchAble": false,
          "useMergedTexture": false,
          "visible": true,
          "width": 51,
          "x": 317,
          "y": 50,
          "areaHeight": 0,
          "areaWidth": 0,
          "fontFile": null,
          "fontName": "fonts/Helvetica neue.ttf",
          "fontSize": 30,
          "hAlignment": 1,
          "text": "450",
          "touchScaleEnable": false,
          "vAlignment": 1
        }
      },
      {
        "classname": "Label",
        "name": null,
        "children": [],
        "options": {
          "__type": "LabelSurrogate:#EditorCommon.JsonModel.Component.GUI",
          "classname": "Label",
          "name": "played",
          "ZOrder": 2,
          "actiontag": 17,
          "anchorPointX": 0,
          "anchorPointY": 0.5,
          "classType": "CocoStudio.EngineAdapterWrap.CSLabel",
          "colorB": 80,
          "colorG": 200,
          "colorR": 92,
          "customProperty": "",
          "flipX": false,
          "flipY": false,
          "height": 35,
          "ignoreSize": true,
          "layoutParameter": null,
          "opacity": 255,
          "positionPercentX": 0.815625,
          "positionPercentY": 0.16842106,
          "positionType": 0,
          "rotation": 0,
          "scaleX": 1,
          "scaleY": 1,
          "sizePercentX": 0.165625,
          "sizePercentY": 0.122807018,
          "sizeType": 0,
          "tag": 1597,
          "touchAble": false,
          "useMergedTexture": false,
          "visible": true,
          "width": 106,
          "x": 522,
          "y": 48,
          "areaHeight": 0,
          "areaWidth": 0,
          "fontFile": null,
          "fontName": "fonts/Helvetica neue.ttf",
          "fontSize": 30,
          "hAlignment": 1,
          "text": "%d/%d",
          "touchScaleEnable": false,
          "vAlignment": 1
        }
      },
      {
        "classname": "ImageView",
        "name": null,
        "children": [],
        "options": {
          "__type": "ImageViewSurrogate:#EditorCommon.JsonModel.Component.GUI",
          "classname": "ImageView",
          "name": "Image_18",
          "ZOrder": 0,
          "actiontag": 18,
          "anchorPointX": 0.5,
          "anchorPointY": 0.5,
          "classType": "CocoStudio.EngineAdapterWrap.CSImageView",
          "colorB": 255,
          "colorG": 255,
          "colorR": 255,
          "customProperty": "",
          "flipX": false,
          "flipY": false,
          "height": 2,
          "ignoreSize": true,
          "layoutParameter": null,
          "opacity": 255,
          "positionPercentX": 0.5,
          "positionPercentY": 0.003508772,
          "positionType": 0,
          "rotation": 0,
          "scaleX": 2.5,
          "scaleY": 1,
          "sizePercentX": 0.375,
          "sizePercentY": 0.007017544,
          "sizeType": 0,
          "tag": 1598,
          "touchAble": false,
          "useMergedTexture": false,
          "visible": false,
          "width": 240,
          "x": 320,
          "y": 1,
          "capInsetsHeight": 1,
          "capInsetsWidth": 1,
          "capInsetsX": 0,
          "capInsetsY": 0,
          "fileName": null,
          "fileNameData": {
            "path": "MatchListContent/line.png",
            "plistFile": "",
            "resourceType": 0
          },
          "scale9Enable": false,
          "scale9Height": 2,
          "scale9Width": 240
        }
      },
      {
        "classname": "ImageView",
        "name": null,
        "children": [],
        "options": {
          "__type": "ImageViewSurrogate:#EditorCommon.JsonModel.Component.GUI",
          "classname": "ImageView",
          "name": "Image_20",
          "ZOrder": 0,
          "actiontag": 26370402,
          "anchorPointX": 0.5,
          "anchorPointY": 0.5,
          "classType": "CocoStudio.EngineAdapterWrap.CSImageView",
          "colorB": 255,
          "colorG": 255,
          "colorR": 255,
          "customProperty": "",
          "flipX": false,
          "flipY": false,
          "height": 62,
          "ignoreSize": true,
          "layoutParameter": null,
          "opacity": 255,
          "positionPercentX": 0.5,
          "positionPercentY": 0.16842106,
          "positionType": 0,
          "rotation": 0,
          "scaleX": 1,
          "scaleY": 1,
          "sizePercentX": 0.840625,
          "sizePercentY": 0.217543855,
          "sizeType": 0,
          "tag": 7785,
          "touchAble": false,
          "useMergedTexture": false,
          "visible": true,
          "width": 538,
          "x": 320,
          "y": 48,
          "capInsetsHeight": 1,
          "capInsetsWidth": 1,
          "capInsetsX": 0,
          "capInsetsY": 0,
          "fileName": null,
          "fileNameData": {
            "path": "MatchListContent/info_box.png",
            "plistFile": "",
            "resourceType": 0
          },
          "scale9Enable": false,
          "scale9Height": 62,
          "scale9Width": 538
        }
      }
    ],
    "options": {
      "__type": "PanelSurrogate:#EditorCommon.JsonModel.Component.GUI",
      "classname": "Panel",
      "name": "Panel_38",
      "ZOrder": 0,
      "actiontag": -1,
      "anchorPointX": 0,
      "anchorPointY": 0,
      "classType": "CocoStudio.EngineAdapterWrap.CSPanel",
      "colorB": 255,
      "colorG": 255,
      "colorR": 255,
      "customProperty": "",
      "flipX": false,
      "flipY": false,
      "height": 285,
      "ignoreSize": false,
      "layoutParameter": null,
      "opacity": 255,
      "positionPercentX": 0,
      "positionPercentY": 0,
      "positionType": 0,
      "rotation": 0,
      "scaleX": 1,
      "scaleY": 1,
      "sizePercentX": 1,
      "sizePercentY": 1,
      "sizeType": 0,
      "tag": 3,
      "touchAble": false,
      "useMergedTexture": false,
      "visible": true,
      "width": 640,
      "x": 0,
      "y": 0,
      "adaptScreen": false,
      "backGroundImage": null,
      "backGroundImageData": null,
      "backGroundScale9Enable": false,
      "bgColorB": 255,
      "bgColorG": 200,
      "bgColorOpacity": 100,
      "bgColorR": 150,
      "bgEndColorB": 255,
      "bgEndColorG": 200,
      "bgEndColorR": 150,
      "bgStartColorB": 255,
      "bgStartColorG": 255,
      "bgStartColorR": 255,
      "capInsetsHeight": 0,
      "capInsetsWidth": 0,
      "capInsetsX": 0,
      "capInsetsY": 0,
      "clipAble": false,
      "colorType": 0,
      "layoutType": 0,
      "vectorX": 0,
      "vectorY": -0.5
    }
  }
}