{
  "classname": null,
  "name": null,
  "animation": {
    "classname": null,
    "name": "AnimationManager",
    "actionlist": []
  },
  "dataScale": 1,
  "designHeight": 1136,
  "designWidth": 640,
  "textures": [],
  "texturesPng": [
    "MatchListScene/match_bkg.png",
    "header/back.png",
    "PredictionConfirm/off_button.png",
    "PredictionConfirm/on_button.png"
  ],
  "version": "1.5.0.0",
  "widgetTree": {
    "classname": "Panel",
    "name": null,
    "children": [
      {
        "classname": "Panel",
        "name": null,
        "children": [],
        "options": {
          "__type": "PanelSurrogate:#EditorCommon.JsonModel.Component.GUI",
          "classname": "Panel",
          "name": "Panel_42",
          "ZOrder": 1,
          "actiontag": 1043,
          "anchorPointX": 0,
          "anchorPointY": 0,
          "classType": "CocoStudio.EngineAdapterWrap.CSPanel",
          "colorB": 255,
          "colorG": 255,
          "colorR": 255,
          "customProperty": "",
          "flipX": false,
          "flipY": false,
          "height": 80,
          "ignoreSize": false,
          "layoutParameter": null,
          "opacity": 255,
          "positionPercentX": 0,
          "positionPercentY": 0.92957747,
          "positionType": 0,
          "rotation": 0,
          "scaleX": 1,
          "scaleY": 1,
          "sizePercentX": 1,
          "sizePercentY": 0.07042254,
          "sizeType": 0,
          "tag": 5,
          "touchAble": false,
          "useMergedTexture": false,
          "visible": true,
          "width": 640,
          "x": 0,
          "y": 1056,
          "adaptScreen": false,
          "backGroundImage": null,
          "backGroundImageData": null,
          "backGroundScale9Enable": false,
          "bgColorB": 0,
          "bgColorG": 0,
          "bgColorOpacity": 255,
          "bgColorR": 0,
          "bgEndColorB": 255,
          "bgEndColorG": 200,
          "bgEndColorR": 150,
          "bgStartColorB": 255,
          "bgStartColorG": 255,
          "bgStartColorR": 255,
          "capInsetsHeight": 0,
          "capInsetsWidth": 0,
          "capInsetsX": 0,
          "capInsetsY": 0,
          "clipAble": false,
          "colorType": 1,
          "layoutType": 0,
          "vectorX": 0,
          "vectorY": -0.5
        }
      },
      {
        "classname": "Label",
        "name": null,
        "children": [],
        "options": {
          "__type": "LabelSurrogate:#EditorCommon.JsonModel.Component.GUI",
          "classname": "Label",
          "name": "Label_2",
          "ZOrder": 1,
          "actiontag": 2,
          "anchorPointX": 0.5,
          "anchorPointY": 0.5,
          "classType": "CocoStudio.EngineAdapterWrap.CSLabel",
          "colorB": 255,
          "colorG": 255,
          "colorR": 255,
          "customProperty": "",
          "flipX": false,
          "flipY": false,
          "height": 47,
          "ignoreSize": true,
          "layoutParameter": null,
          "opacity": 255,
          "positionPercentX": 0.5,
          "positionPercentY": 0.9621479,
          "positionType": 0,
          "rotation": 0,
          "scaleX": 1,
          "scaleY": 1,
          "sizePercentX": 0.128125,
          "sizePercentY": 0.0457746461,
          "sizeType": 0,
          "tag": 1561,
          "touchAble": false,
          "useMergedTexture": false,
          "visible": true,
          "width": 305,
          "x": 320,
          "y": 1093,
          "areaHeight": 0,
          "areaWidth": 0,
          "fontFile": null,
          "fontName": "fonts/Helvetica neue.ttf",
          "fontSize": 40,
          "hAlignment": 0,
          "text": "Push Notification",
          "touchScaleEnable": false,
          "vAlignment": 0
        }
      },
      {
        "classname": "Button",
        "name": null,
        "children": [],
        "options": {
          "__type": "ButtonSurrogate:#EditorCommon.JsonModel.Component.GUI",
          "classname": "Button",
          "name": "back",
          "ZOrder": 2,
          "actiontag": 5,
          "anchorPointX": 0.5,
          "anchorPointY": 0.5,
          "classType": "CocoStudio.EngineAdapterWrap.CSButton",
          "colorB": 255,
          "colorG": 255,
          "colorR": 255,
          "customProperty": "",
          "flipX": false,
          "flipY": false,
          "height": 79,
          "ignoreSize": true,
          "layoutParameter": null,
          "opacity": 255,
          "positionPercentX": 0.05625,
          "positionPercentY": 0.9621479,
          "positionType": 0,
          "rotation": 0,
          "scaleX": 1,
          "scaleY": 1,
          "sizePercentX": 0.0984375,
          "sizePercentY": 0.06954225,
          "sizeType": 0,
          "tag": 1585,
          "touchAble": true,
          "useMergedTexture": false,
          "visible": true,
          "width": 63,
          "x": 36,
          "y": 1093,
          "capInsetsHeight": 0,
          "capInsetsWidth": 0,
          "capInsetsX": 0,
          "capInsetsY": 0,
          "disabled": null,
          "disabledData": {
            "path": null,
            "plistFile": null,
            "resourceType": 0
          },
          "fontName": "微软雅黑",
          "fontSize": 14,
          "fontType": 0,
          "normal": null,
          "normalData": {
            "path": "header/back.png",
            "plistFile": "",
            "resourceType": 0
          },
          "pressed": null,
          "pressedData": {
            "path": null,
            "plistFile": null,
            "resourceType": 0
          },
          "scale9Enable": false,
          "scale9Height": 79,
          "scale9Width": 63,
          "text": "",
          "textColorB": 255,
          "textColorG": 255,
          "textColorR": 255
        }
      },
      {
        "classname": "Label",
        "name": null,
        "children": [],
        "options": {
          "__type": "LabelSurrogate:#EditorCommon.JsonModel.Component.GUI",
          "classname": "Label",
          "name": "Label_3",
          "ZOrder": 0,
          "actiontag": 10480353,
          "anchorPointX": 0,
          "anchorPointY": 0.5,
          "classType": "CocoStudio.EngineAdapterWrap.CSLabel",
          "colorB": 255,
          "colorG": 255,
          "colorR": 255,
          "customProperty": "",
          "flipX": false,
          "flipY": false,
          "height": 47,
          "ignoreSize": true,
          "layoutParameter": null,
          "opacity": 255,
          "positionPercentX": 0.0625,
          "positionPercentY": 0.8644366,
          "positionType": 0,
          "rotation": 0,
          "scaleX": 1,
          "scaleY": 1,
          "sizePercentX": 0.128125,
          "sizePercentY": 0.0457746461,
          "sizeType": 0,
          "tag": 10382,
          "touchAble": false,
          "useMergedTexture": false,
          "visible": true,
          "width": 248,
          "x": 40,
          "y": 982,
          "areaHeight": 0,
          "areaWidth": 0,
          "fontFile": null,
          "fontName": "fonts/Helvetica neue.ttf",
          "fontSize": 40,
          "hAlignment": 0,
          "text": "General News",
          "touchScaleEnable": false,
          "vAlignment": 0
        }
      },
      {
        "classname": "CheckBox",
        "name": null,
        "children": [],
        "options": {
          "__type": "CheckBoxSurrogate:#EditorCommon.JsonModel.Component.GUI",
          "classname": "CheckBox",
          "name": "generalCheck",
          "ZOrder": 0,
          "actiontag": 55333491,
          "anchorPointX": 0.5,
          "anchorPointY": 0.5,
          "classType": "CocoStudio.EngineAdapterWrap.CSCheckBox",
          "colorB": 255,
          "colorG": 255,
          "colorR": 255,
          "customProperty": "",
          "flipX": false,
          "flipY": false,
          "height": 50,
          "ignoreSize": true,
          "layoutParameter": null,
          "opacity": 255,
          "positionPercentX": 0.875,
          "positionPercentY": 0.8644368,
          "positionType": 0,
          "rotation": 0,
          "scaleX": 1,
          "scaleY": 1,
          "sizePercentX": 0.1296875,
          "sizePercentY": 0.0440140851,
          "sizeType": 0,
          "tag": 10384,
          "touchAble": true,
          "useMergedTexture": false,
          "visible": true,
          "width": 83,
          "x": 560,
          "y": 982,
          "backGroundBox": null,
          "backGroundBoxData": {
            "path": "PredictionConfirm/off_button.png",
            "plistFile": "",
            "resourceType": 0
          },
          "backGroundBoxDisabled": null,
          "backGroundBoxDisabledData": {
            "path": null,
            "plistFile": null,
            "resourceType": 0
          },
          "backGroundBoxSelected": null,
          "backGroundBoxSelectedData": {
            "path": null,
            "plistFile": null,
            "resourceType": 0
          },
          "frontCross": null,
          "frontCrossData": {
            "path": "PredictionConfirm/on_button.png",
            "plistFile": "",
            "resourceType": 0
          },
          "frontCrossDisabled": null,
          "frontCrossDisabledData": {
            "path": null,
            "plistFile": null,
            "resourceType": 0
          },
          "selectedState": false
        }
      },
      {
        "classname": "Label",
        "name": null,
        "children": [],
        "options": {
          "__type": "LabelSurrogate:#EditorCommon.JsonModel.Component.GUI",
          "classname": "Label",
          "name": "Label_4",
          "ZOrder": 0,
          "actiontag": 1340597,
          "anchorPointX": 0,
          "anchorPointY": 0.5,
          "classType": "CocoStudio.EngineAdapterWrap.CSLabel",
          "colorB": 255,
          "colorG": 255,
          "colorR": 255,
          "customProperty": "",
          "flipX": false,
          "flipY": false,
          "height": 47,
          "ignoreSize": true,
          "layoutParameter": null,
          "opacity": 255,
          "positionPercentX": 0.0625,
          "positionPercentY": 0.8028169,
          "positionType": 0,
          "rotation": 0,
          "scaleX": 1,
          "scaleY": 1,
          "sizePercentX": 0.128125,
          "sizePercentY": 0.0457746461,
          "sizeType": 0,
          "tag": 10387,
          "touchAble": false,
          "useMergedTexture": false,
          "visible": true,
          "width": 180,
          "x": 40,
          "y": 912,
          "areaHeight": 0,
          "areaWidth": 0,
          "fontFile": null,
          "fontName": "fonts/Helvetica neue.ttf",
          "fontSize": 40,
          "hAlignment": 0,
          "text": "Prediction",
          "touchScaleEnable": false,
          "vAlignment": 0
        }
      },
      {
        "classname": "CheckBox",
        "name": null,
        "children": [],
        "options": {
          "__type": "CheckBoxSurrogate:#EditorCommon.JsonModel.Component.GUI",
          "classname": "CheckBox",
          "name": "predictionCheck",
          "ZOrder": 0,
          "actiontag": 41479503,
          "anchorPointX": 0.5,
          "anchorPointY": 0.5,
          "classType": "CocoStudio.EngineAdapterWrap.CSCheckBox",
          "colorB": 255,
          "colorG": 255,
          "colorR": 255,
          "customProperty": "",
          "flipX": false,
          "flipY": false,
          "height": 50,
          "ignoreSize": true,
          "layoutParameter": null,
          "opacity": 255,
          "positionPercentX": 0.875,
          "positionPercentY": 0.802817166,
          "positionType": 0,
          "rotation": 0,
          "scaleX": 1,
          "scaleY": 1,
          "sizePercentX": 0.1296875,
          "sizePercentY": 0.0440140851,
          "sizeType": 0,
          "tag": 10388,
          "touchAble": true,
          "useMergedTexture": false,
          "visible": true,
          "width": 83,
          "x": 560,
          "y": 912,
          "backGroundBox": null,
          "backGroundBoxData": {
            "path": "PredictionConfirm/off_button.png",
            "plistFile": "",
            "resourceType": 0
          },
          "backGroundBoxDisabled": null,
          "backGroundBoxDisabledData": {
            "path": null,
            "plistFile": null,
            "resourceType": 0
          },
          "backGroundBoxSelected": null,
          "backGroundBoxSelectedData": {
            "path": null,
            "plistFile": null,
            "resourceType": 0
          },
          "frontCross": null,
          "frontCrossData": {
            "path": "PredictionConfirm/on_button.png",
            "plistFile": "",
            "resourceType": 0
          },
          "frontCrossDisabled": null,
          "frontCrossDisabledData": {
            "path": null,
            "plistFile": null,
            "resourceType": 0
          },
          "selectedState": false
        }
      },
      {
        "classname": "Panel",
        "name": null,
        "children": [],
        "options": {
          "__type": "PanelSurrogate:#EditorCommon.JsonModel.Component.GUI",
          "classname": "Panel",
          "name": "Panel_12_1",
          "ZOrder": 0,
          "actiontag": 31071733,
          "anchorPointX": 0,
          "anchorPointY": 0,
          "classType": "CocoStudio.EngineAdapterWrap.CSPanel",
          "colorB": 255,
          "colorG": 255,
          "colorR": 255,
          "customProperty": "",
          "flipX": false,
          "flipY": false,
          "height": 1,
          "ignoreSize": false,
          "layoutParameter": null,
          "opacity": 255,
          "positionPercentX": 0.043098826,
          "positionPercentY": 0.832956851,
          "positionType": 0,
          "rotation": 0,
          "scaleX": 1,
          "scaleY": 1,
          "sizePercentX": 0.9140625,
          "sizePercentY": 0.0008802817,
          "sizeType": 0,
          "tag": 10390,
          "touchAble": true,
          "useMergedTexture": false,
          "visible": true,
          "width": 585,
          "x": 27,
          "y": 946,
          "adaptScreen": false,
          "backGroundImage": null,
          "backGroundImageData": null,
          "backGroundScale9Enable": false,
          "bgColorB": 199,
          "bgColorG": 199,
          "bgColorOpacity": 140,
          "bgColorR": 199,
          "bgEndColorB": 255,
          "bgEndColorG": 200,
          "bgEndColorR": 150,
          "bgStartColorB": 255,
          "bgStartColorG": 255,
          "bgStartColorR": 255,
          "capInsetsHeight": 1,
          "capInsetsWidth": 1,
          "capInsetsX": 0,
          "capInsetsY": 0,
          "clipAble": false,
          "colorType": 1,
          "layoutType": 0,
          "vectorX": 0,
          "vectorY": -0.5
        }
      }
    ],
    "options": {
      "__type": "PanelSurrogate:#EditorCommon.JsonModel.Component.GUI",
      "classname": "Panel",
      "name": "Panel_817",
      "ZOrder": 0,
      "actiontag": -1,
      "anchorPointX": 0,
      "anchorPointY": 0,
      "classType": "CocoStudio.EngineAdapterWrap.CSPanel",
      "colorB": 255,
      "colorG": 255,
      "colorR": 255,
      "customProperty": "",
      "flipX": false,
      "flipY": false,
      "height": 1136,
      "ignoreSize": false,
      "layoutParameter": null,
      "opacity": 255,
      "positionPercentX": 0,
      "positionPercentY": 0,
      "positionType": 0,
      "rotation": 0,
      "scaleX": 1,
      "scaleY": 1,
      "sizePercentX": 1,
      "sizePercentY": 1,
      "sizeType": 0,
      "tag": 229,
      "touchAble": false,
      "useMergedTexture": false,
      "visible": true,
      "width": 640,
      "x": 0,
      "y": 0,
      "adaptScreen": false,
      "backGroundImage": null,
      "backGroundImageData": {
        "path": "MatchListScene/match_bkg.png",
        "plistFile": "",
        "resourceType": 0
      },
      "backGroundScale9Enable": false,
      "bgColorB": 0,
      "bgColorG": 0,
      "bgColorOpacity": 255,
      "bgColorR": 0,
      "bgEndColorB": 255,
      "bgEndColorG": 200,
      "bgEndColorR": 150,
      "bgStartColorB": 255,
      "bgStartColorG": 255,
      "bgStartColorR": 255,
      "capInsetsHeight": 0,
      "capInsetsWidth": 0,
      "capInsetsX": 0,
      "capInsetsY": 0,
      "clipAble": false,
      "colorType": 1,
      "layoutType": 0,
      "vectorX": 0,
      "vectorY": -0.5
    }
  }
}