{
  "classname": null,
  "name": null,
  "animation": {
    "classname": null,
    "name": "AnimationManager",
    "actionlist": []
  },
  "dataScale": 1,
  "designHeight": 1136,
  "designWidth": 640,
  "textures": [],
  "texturesPng": [
    "Competition/btn_yellow_createNew.png",
    "Competition/code_input.png",
    "Competition/btn_yellow_small.png",
    "Competition/icn_rank_green.png",
    "Leaderboards/guangline.png",
    "Leaderboards/competition.png",
    "MatchListContent/line.png",
    "commonRes/England.png",
    "Popup/Match-List-popup-bg.png",
    "Popup/ok-popup_03.png",
    "Settings/settings-bg.jpg",
    "header/guangyun.png",
    "header/back.png",
    "commonRes/England.png",
    "FavouriteTeam/favourites-bg.jpg",
    "FavouriteTeam/ok-icon.png",
    "FavouriteTeam/ok-icon-BF.png",
    "header/footballhero-logo.png",
    "LoginNReg/signin-bg.jpg",
    "LoginNReg/forgotPassword-bg.png",
    "LoginNReg/ok-icon.png",
    "LoginNReg/cancel-icon.png",
    "header/footballhero-logo.png",
    "header/guangyun.png",
    "history/bg.png",
    "header/guangyun.png",
    "header/footballhero-logo.png",
    "header/back.png",
    "MatchPrediction/Will-both-teams-score-no.png",
    "history/hengxian.png",
    "history/blue.png",
    "history/green.png",
    "history/red.png",
    "MatchPrediction/Will-both-teams-score-no.png",
    "history/hengxian.png",
    "history/blue.png",
    "history/green.png",
    "history/red.png",
    "history/bg.png",
    "header/guangyun.png",
    "header/footballhero-logo.png",
    "history/bg.png",
    "header/guangyun.png",
    "header/back.png",
    "MatchListContent/vs-button.png",
    "commonRes/Arsenal.png",
    "history/jiantou.png",
    "history/hengxian.png",
    "history/blue.png",
    "history/green.png",
    "history/red.png",
    "history/shangsheng.png",
    "history/xiajiang.png",
    "Leaderboards/guangline.png",
    "Leaderboards/friends.png",
    "header/guangyun.png",
    "history/bg.png",
    "header/back.png",
    "MatchListContent/guang-xia.png",
    "LoginNReg/photo.png",
    "header/footballhero-logo.png",
    "header/guangyun.png",
    "history/bg.png",
    "Leaderboards/xialalan.png",
    "MatchListContent/line.png",
    "LoginNReg/Account-bg.jpg",
    "header/guangyun.png",
    "LoginNReg/facebook-icon.png",
    "LoginNReg/register-icon.png",
    "LoginNReg/line.png",
    "LoginNReg/sign-in-icon.png",
    "header/footballhero-logo.png",
    "GUI/button.png",
    "commonRes/Arsenal.png",
    "commonRes/Manchester United.png",
    "MatchListContent/line.png",
    "MatchListScene/VS-bg.png",
    "header/footballhero-logo.png",
    "header/guangyun.png",
    "MatchListScene/3xian.png",
    "MatchListScene/liansaixuanze-bg.jpg",
    "MatchListScene/photo.png",
    "MatchPrediction/Match-List-bg.jpg",
    "commonRes/Arsenal.png",
    "commonRes/Manchester United.png",
    "header/back.png",
    "header/footballhero-logo.png",
    "header/guangyun.png",
    "Navigator/matches-black.jpg",
    "Navigator/matches-yellow.jpg",
    "Navigator/community-black.jpg",
    "Navigator/community-yellow.jpg",
    "Navigator/history-black.jpg",
    "Navigator/history-yellow.jpg",
    "Navigator/management-black.jpg",
    "Navigator/management-yellow.png",
    "MatchPrediction/Match-List-popup-bg.png",
    "commonRes/Arsenal.png",
    "MatchPrediction/email.jpg",
    "MatchPrediction/facebook.jpg",
    "MatchPrediction/confirm.png",
    "MatchPrediction/cancel.png",
    "MatchPrediction/confirm.png",
    "MatchPrediction/cancel.png",
    "PredictionConfirm/facebook-icon.png",
    "PredictionConfirm/facebook2-icon.png",
    "PredictionConfirm/bg-2.png",
    "MatchPrediction/Will-xx_team-score-a-goal-yes.png",
    "LoginNReg/register-bg.jpg",
    "LoginNReg/register-icon.png",
    "header/footballhero-logo.png",
    "header/back.png",
    "LoginNReg/register-name-bg.jpg",
    "LoginNReg/confirmation-icon.png",
    "LoginNReg/photo.png",
    "header/footballhero-logo.png",
    "Settings/settings-bg.jpg",
    "header/guangyun.png",
    "Settings/settings_03.png",
    "LoginNReg/signin-bg.jpg",
    "LoginNReg/signin-icon.png",
    "LoginNReg/forget-icon.png",
    "LoginNReg/tos.png",
    "header/footballhero-logo.png",
    "header/back.png",
    "commonRes/Arsenal.png",
    "MatchPrediction/Match-List-bg.jpg",
    "MatchPrediction/Will-both-teams-score-no.png",
    "MatchPrediction/Will-both-teams-score-yes.png",
    "MatchPrediction/skip-icon.png",
    "header/guangyun.png",
    "header/footballhero-logo.png",
    "header/back.png",
    "MatchPrediction/Match-List-bg.jpg",
    "MatchPrediction/Will-total-corners-be-more-than-xx-no.png",
    "MatchPrediction/Will-total-corners-be-more-than-xx-yes.png",
    "MatchPrediction/skip-icon.png",
    "header/guangyun.png",
    "header/footballhero-logo.png",
    "header/back.png",
    "MatchPrediction/Match-List-bg.jpg",
    "MatchPrediction/Will-total-goals-be-more-than-xx-no.png",
    "MatchPrediction/Will-total-goals-be-more-than-xx-yes.png",
    "MatchPrediction/skip-icon.png",
    "header/guangyun.png",
    "header/footballhero-logo.png",
    "header/back.png",
    "MatchPrediction/Match-List-bg.jpg",
    "MatchPrediction/Will-xx_team-score-a-goal-no.png",
    "MatchPrediction/Will-xx_team-score-a-goal-yes.png",
    "MatchPrediction/skip-icon.png",
    "header/guangyun.png",
    "header/footballhero-logo.png",
    "header/back.png",
    "MatchPrediction/Match-List-bg.jpg",
    "MatchPrediction/Will-xx_team-score-a-goal-no.png",
    "MatchPrediction/Will-xx_team-score-a-goal-yes.png",
    "MatchPrediction/skip-icon.png",
    "header/guangyun.png",
    "header/footballhero-logo.png",
    "header/back.png",
    "Competition/create_competition.png",
    "Competition/btn_yellow.png",
    "header/guangyun.png",
    "Competition/btn_black_icon.png",
    "header/back.png",
    "header/guangyun.png",
    "Competition/btn_yellow.png",
    "header/back.png"
  ],
  "version": "1.5.0.0",
  "widgetTree": {
    "classname": "Panel",
    "name": null,
    "children": [
      {
        "classname": "Panel",
        "name": null,
        "children": [],
        "options": {
          "__type": "PanelSurrogate:#EditorCommon.JsonModel.Component.GUI",
          "classname": "Panel",
          "name": "Panel_194",
          "ZOrder": 3,
          "actiontag": 15,
          "anchorPointX": 0,
          "anchorPointY": 0,
          "classType": "CocoStudio.EngineAdapterWrap.CSPanel",
          "colorB": 255,
          "colorG": 255,
          "colorR": 255,
          "customProperty": "",
          "flipX": false,
          "flipY": false,
          "height": 80,
          "ignoreSize": false,
          "layoutParameter": null,
          "opacity": 255,
          "positionPercentX": 0,
          "positionPercentY": 0.92957747,
          "positionType": 0,
          "rotation": 0,
          "scaleX": 1,
          "scaleY": 1,
          "sizePercentX": 1,
          "sizePercentY": 0.07042254,
          "sizeType": 0,
          "tag": 2854,
          "touchAble": false,
          "useMergedTexture": false,
          "visible": true,
          "width": 640,
          "x": 0,
          "y": 1056,
          "adaptScreen": false,
          "backGroundImage": null,
          "backGroundImageData": null,
          "backGroundScale9Enable": false,
          "bgColorB": 255,
          "bgColorG": 255,
          "bgColorOpacity": 40,
          "bgColorR": 255,
          "bgEndColorB": 255,
          "bgEndColorG": 200,
          "bgEndColorR": 150,
          "bgStartColorB": 255,
          "bgStartColorG": 255,
          "bgStartColorR": 255,
          "capInsetsHeight": 0,
          "capInsetsWidth": 0,
          "capInsetsX": 0,
          "capInsetsY": 0,
          "clipAble": false,
          "colorType": 1,
          "layoutType": 0,
          "vectorX": 0,
          "vectorY": -0.5
        }
      },
      {
        "classname": "ImageView",
        "name": null,
        "children": [],
        "options": {
          "__type": "ImageViewSurrogate:#EditorCommon.JsonModel.Component.GUI",
          "classname": "ImageView",
          "name": "ImageView_325",
          "ZOrder": 3,
          "actiontag": 17,
          "anchorPointX": 0.5,
          "anchorPointY": 0.5,
          "classType": "CocoStudio.EngineAdapterWrap.CSImageView",
          "colorB": 255,
          "colorG": 255,
          "colorR": 255,
          "customProperty": "",
          "flipX": false,
          "flipY": false,
          "height": 176,
          "ignoreSize": true,
          "layoutParameter": null,
          "opacity": 255,
          "positionPercentX": 0.5,
          "positionPercentY": 0.9234155,
          "positionType": 0,
          "rotation": 0,
          "scaleX": 1,
          "scaleY": 1,
          "sizePercentX": 1,
          "sizePercentY": 0.154929578,
          "sizeType": 0,
          "tag": 2856,
          "touchAble": false,
          "useMergedTexture": false,
          "visible": true,
          "width": 640,
          "x": 320,
          "y": 1049,
          "capInsetsHeight": 0,
          "capInsetsWidth": 0,
          "capInsetsX": 0,
          "capInsetsY": 0,
          "fileName": null,
          "fileNameData": {
            "path": "header/guangyun.png",
            "plistFile": "",
            "resourceType": 0
          },
          "scale9Enable": false,
          "scale9Height": 176,
          "scale9Width": 640
        }
      },
      {
        "classname": "Label",
        "name": null,
        "children": [],
        "options": {
          "__type": "LabelSurrogate:#EditorCommon.JsonModel.Component.GUI",
          "classname": "Label",
          "name": "Label_19",
          "ZOrder": 0,
          "actiontag": 19,
          "anchorPointX": 0.5,
          "anchorPointY": 0.5,
          "classType": "CocoStudio.EngineAdapterWrap.CSLabel",
          "colorB": 255,
          "colorG": 255,
          "colorR": 255,
          "customProperty": "",
          "flipX": false,
          "flipY": false,
          "height": 52,
          "ignoreSize": true,
          "layoutParameter": null,
          "opacity": 255,
          "positionPercentX": 0.5,
          "positionPercentY": 0.963908434,
          "positionType": 0,
          "rotation": 0,
          "scaleX": 1,
          "scaleY": 1,
          "sizePercentX": 0.446875,
          "sizePercentY": 0.0457746461,
          "sizeType": 0,
          "tag": 2858,
          "touchAble": false,
          "useMergedTexture": false,
          "visible": true,
          "width": 286,
          "x": 320,
          "y": 1095,
          "areaHeight": 0,
          "areaWidth": 0,
          "fontFile": null,
          "fontName": "微软雅黑",
          "fontSize": 40,
          "hAlignment": 0,
          "text": "Select Leagues",
          "touchScaleEnable": false,
          "vAlignment": 0
        }
      },
      {
        "classname": "Button",
        "name": null,
        "children": [],
        "options": {
          "__type": "ButtonSurrogate:#EditorCommon.JsonModel.Component.GUI",
          "classname": "Button",
          "name": "all",
          "ZOrder": 0,
          "actiontag": 7,
          "anchorPointX": 0.5,
          "anchorPointY": 0.5,
          "classType": "CocoStudio.EngineAdapterWrap.CSButton",
          "colorB": 255,
          "colorG": 255,
          "colorR": 255,
          "customProperty": "",
          "flipX": false,
          "flipY": false,
          "height": 82,
          "ignoreSize": true,
          "layoutParameter": null,
          "opacity": 255,
          "positionPercentX": 0.5,
          "positionPercentY": 0.8679578,
          "positionType": 0,
          "rotation": 0,
          "scaleX": 1,
          "scaleY": 1,
          "sizePercentX": 0.853125,
          "sizePercentY": 0.0721830949,
          "sizeType": 0,
          "tag": 3304,
          "touchAble": true,
          "useMergedTexture": false,
          "visible": true,
          "width": 546,
          "x": 320,
          "y": 986,
          "capInsetsHeight": 1,
          "capInsetsWidth": 1,
          "capInsetsX": 0,
          "capInsetsY": 0,
          "disabled": null,
          "disabledData": {
            "path": null,
            "plistFile": null,
            "resourceType": 0
          },
          "fontName": "微软雅黑",
          "fontSize": 36,
          "fontType": 0,
          "normal": null,
          "normalData": {
            "path": "Competition/btn_yellow.png",
            "plistFile": "",
            "resourceType": 0
          },
          "pressed": null,
          "pressedData": {
            "path": "Competition/btn_yellow.png",
            "plistFile": "",
            "resourceType": 0
          },
          "scale9Enable": false,
          "scale9Height": 82,
          "scale9Width": 546,
          "text": "All Leagues",
          "textColorB": 0,
          "textColorG": 0,
          "textColorR": 0
        }
      },
      {
        "classname": "Button",
        "name": null,
        "children": [],
        "options": {
          "__type": "ButtonSurrogate:#EditorCommon.JsonModel.Component.GUI",
          "classname": "Button",
          "name": "OK",
          "ZOrder": 0,
          "actiontag": 11,
          "anchorPointX": 0.5,
          "anchorPointY": 0.5,
          "classType": "CocoStudio.EngineAdapterWrap.CSButton",
          "colorB": 255,
          "colorG": 255,
          "colorR": 255,
          "customProperty": "",
          "flipX": false,
          "flipY": false,
          "height": 82,
          "ignoreSize": true,
          "layoutParameter": null,
          "opacity": 255,
          "positionPercentX": 0.5,
          "positionPercentY": 0.19542253,
          "positionType": 0,
          "rotation": 0,
          "scaleX": 1,
          "scaleY": 1,
          "sizePercentX": 0.853125,
          "sizePercentY": 0.0721830949,
          "sizeType": 0,
          "tag": 3306,
          "touchAble": true,
          "useMergedTexture": false,
          "visible": true,
          "width": 546,
          "x": 320,
          "y": 222,
          "capInsetsHeight": 1,
          "capInsetsWidth": 1,
          "capInsetsX": 0,
          "capInsetsY": 0,
          "disabled": null,
          "disabledData": {
            "path": null,
            "plistFile": null,
            "resourceType": 0
          },
          "fontName": "微软雅黑",
          "fontSize": 36,
          "fontType": 0,
          "normal": null,
          "normalData": {
            "path": "Competition/btn_yellow.png",
            "plistFile": "",
            "resourceType": 0
          },
          "pressed": null,
          "pressedData": {
            "path": "Competition/btn_yellow.png",
            "plistFile": "",
            "resourceType": 0
          },
          "scale9Enable": false,
          "scale9Height": 82,
          "scale9Width": 546,
          "text": "OK",
          "textColorB": 0,
          "textColorG": 0,
          "textColorR": 0
        }
      },
      {
        "classname": "ScrollView",
        "name": null,
        "children": [],
        "options": {
          "__type": "ScrollViewSurrogate:#EditorCommon.JsonModel.Component.GUI",
          "classname": "ScrollView",
          "name": "ScrollView",
          "ZOrder": 0,
          "actiontag": 14,
          "anchorPointX": 0,
          "anchorPointY": 0,
          "classType": "CocoStudio.EngineAdapterWrap.CSScrollView",
          "colorB": 255,
          "colorG": 255,
          "colorR": 255,
          "customProperty": "",
          "flipX": false,
          "flipY": false,
          "height": 650,
          "ignoreSize": false,
          "layoutParameter": null,
          "opacity": 255,
          "positionPercentX": 0,
          "positionPercentY": 0.246478871,
          "positionType": 0,
          "rotation": 0,
          "scaleX": 1.00454557,
          "scaleY": 1,
          "sizePercentX": 1,
          "sizePercentY": 0.5721831,
          "sizeType": 0,
          "tag": 3308,
          "touchAble": true,
          "useMergedTexture": false,
          "visible": true,
          "width": 640,
          "x": 0,
          "y": 280,
          "backGroundImage": null,
          "backGroundImageData": null,
          "backGroundScale9Enable": false,
          "bgColorB": 100,
          "bgColorG": 150,
          "bgColorOpacity": 100,
          "bgColorR": 255,
          "bgEndColorB": 100,
          "bgEndColorG": 150,
          "bgEndColorR": 255,
          "bgStartColorB": 255,
          "bgStartColorG": 255,
          "bgStartColorR": 255,
          "bounceEnable": true,
          "capInsetsHeight": 0,
          "capInsetsWidth": 0,
          "capInsetsX": 0,
          "capInsetsY": 0,
          "clipAble": true,
          "colorType": 0,
          "direction": 1,
          "editorClipAble": true,
          "innerHeight": 650,
          "innerWidth": 640,
          "layoutType": 0,
          "vectorX": 0,
          "vectorY": -0.5
        }
      },
      {
        "classname": "Button",
        "name": null,
        "children": [],
        "options": {
          "__type": "ButtonSurrogate:#EditorCommon.JsonModel.Component.GUI",
          "classname": "Button",
          "name": "Back",
          "ZOrder": 3,
          "actiontag": 18,
          "anchorPointX": 0.5,
          "anchorPointY": 0.5,
          "classType": "CocoStudio.EngineAdapterWrap.CSButton",
          "colorB": 255,
          "colorG": 255,
          "colorR": 255,
          "customProperty": "",
          "flipX": false,
          "flipY": false,
          "height": 34,
          "ignoreSize": true,
          "layoutParameter": null,
          "opacity": 255,
          "positionPercentX": 0.0546875,
          "positionPercentY": 0.9612676,
          "positionType": 0,
          "rotation": 0,
          "scaleX": 1,
          "scaleY": 1,
          "sizePercentX": 0.065625,
          "sizePercentY": 0.0299295783,
          "sizeType": 0,
          "tag": 3310,
          "touchAble": true,
          "useMergedTexture": false,
          "visible": true,
          "width": 42,
          "x": 35,
          "y": 1092,
          "capInsetsHeight": 0,
          "capInsetsWidth": 0,
          "capInsetsX": 0,
          "capInsetsY": 0,
          "disabled": null,
          "disabledData": {
            "path": null,
            "plistFile": null,
            "resourceType": 0
          },
          "fontName": "微软雅黑",
          "fontSize": 14,
          "fontType": 0,
          "normal": null,
          "normalData": {
            "path": "header/back.png",
            "plistFile": "",
            "resourceType": 0
          },
          "pressed": null,
          "pressedData": {
            "path": null,
            "plistFile": null,
            "resourceType": 0
          },
          "scale9Enable": false,
          "scale9Height": 34,
          "scale9Width": 42,
          "text": "",
          "textColorB": 255,
          "textColorG": 255,
          "textColorR": 255
        }
      }
    ],
    "options": {
      "__type": "PanelSurrogate:#EditorCommon.JsonModel.Component.GUI",
      "classname": "Panel",
      "name": "Panel_167",
      "ZOrder": 0,
      "actiontag": -1,
      "anchorPointX": 0,
      "anchorPointY": 0,
      "classType": "CocoStudio.EngineAdapterWrap.CSPanel",
      "colorB": 0,
      "colorG": 0,
      "colorR": 0,
      "customProperty": "",
      "flipX": false,
      "flipY": false,
      "height": 1136,
      "ignoreSize": false,
      "layoutParameter": null,
      "opacity": 255,
      "positionPercentX": 0,
      "positionPercentY": 0,
      "positionType": 0,
      "rotation": 0,
      "scaleX": 1,
      "scaleY": 1,
      "sizePercentX": 1,
      "sizePercentY": 1,
      "sizeType": 0,
      "tag": 16,
      "touchAble": false,
      "useMergedTexture": false,
      "visible": true,
      "width": 640,
      "x": 0,
      "y": 0,
      "adaptScreen": false,
      "backGroundImage": null,
      "backGroundImageData": null,
      "backGroundScale9Enable": false,
      "bgColorB": 0,
      "bgColorG": 0,
      "bgColorOpacity": 255,
      "bgColorR": 0,
      "bgEndColorB": 255,
      "bgEndColorG": 200,
      "bgEndColorR": 150,
      "bgStartColorB": 255,
      "bgStartColorG": 255,
      "bgStartColorR": 255,
      "capInsetsHeight": 0,
      "capInsetsWidth": 0,
      "capInsetsX": 0,
      "capInsetsY": 0,
      "clipAble": false,
      "colorType": 1,
      "layoutType": 0,
      "vectorX": 0,
      "vectorY": -0.5
    }
  }
}