{
  "classname": null,
  "name": null,
  "animation": {
    "classname": null,
    "name": "AnimationManager",
    "actionlist": []
  },
  "dataScale": 1,
  "designHeight": 1136,
  "designWidth": 640,
  "textures": [],
  "texturesPng": [
    "Competition/btn_yellow_createNew.png",
    "Competition/code_input.png",
    "Competition/btn_yellow_small.png",
    "Competition/icn_rank_green.png",
    "Leaderboards/guangline.png",
    "Leaderboards/competition.png",
    "MatchListContent/line.png",
    "commonRes/England.png",
    "Popup/Match-List-popup-bg.png",
    "Popup/ok-popup_03.png",
    "Settings/settings-bg.jpg",
    "header/guangyun.png",
    "header/back.png",
    "commonRes/England.png",
    "FavouriteTeam/favourites-bg.jpg",
    "FavouriteTeam/ok-icon.png",
    "FavouriteTeam/ok-icon-BF.png",
    "header/footballhero-logo.png"
  ],
  "version": "1.5.0.0",
  "widgetTree": {
    "classname": "Panel",
    "name": null,
    "children": [
      {
        "classname": "ScrollView",
        "name": null,
        "children": [],
        "options": {
          "__type": "ScrollViewSurrogate:#EditorCommon.JsonModel.Component.GUI",
          "classname": "ScrollView",
          "name": "countryList",
          "ZOrder": 1,
          "actiontag": 23,
          "anchorPointX": 0,
          "anchorPointY": 0,
          "classType": "CocoStudio.EngineAdapterWrap.CSScrollView",
          "colorB": 255,
          "colorG": 255,
          "colorR": 255,
          "customProperty": "",
          "flipX": false,
          "flipY": false,
          "height": 1020,
          "ignoreSize": false,
          "layoutParameter": null,
          "opacity": 255,
          "positionPercentX": 0.021875,
          "positionPercentY": 0,
          "positionType": 0,
          "rotation": 0,
          "scaleX": 1,
          "scaleY": 1,
          "sizePercentX": 0.25,
          "sizePercentY": 0.897887349,
          "sizeType": 0,
          "tag": 3,
          "touchAble": true,
          "useMergedTexture": false,
          "visible": true,
          "width": 160,
          "x": 14,
          "y": 0,
          "backGroundImage": null,
          "backGroundImageData": null,
          "backGroundScale9Enable": false,
          "bgColorB": 100,
          "bgColorG": 150,
          "bgColorOpacity": 0,
          "bgColorR": 255,
          "bgEndColorB": 100,
          "bgEndColorG": 150,
          "bgEndColorR": 255,
          "bgStartColorB": 255,
          "bgStartColorG": 255,
          "bgStartColorR": 255,
          "bounceEnable": true,
          "capInsetsHeight": 0,
          "capInsetsWidth": 0,
          "capInsetsX": 0,
          "capInsetsY": 0,
          "clipAble": true,
          "colorType": 1,
          "direction": 1,
          "editorClipAble": true,
          "innerHeight": 1020,
          "innerWidth": 160,
          "layoutType": 0,
          "vectorX": 0,
          "vectorY": -0.5
        }
      },
      {
        "classname": "ScrollView",
        "name": null,
        "children": [],
        "options": {
          "__type": "ScrollViewSurrogate:#EditorCommon.JsonModel.Component.GUI",
          "classname": "ScrollView",
          "name": "teamList",
          "ZOrder": 2,
          "actiontag": 24,
          "anchorPointX": 0,
          "anchorPointY": 0,
          "classType": "CocoStudio.EngineAdapterWrap.CSScrollView",
          "colorB": 255,
          "colorG": 255,
          "colorR": 255,
          "customProperty": "",
          "flipX": false,
          "flipY": false,
          "height": 950,
          "ignoreSize": false,
          "layoutParameter": null,
          "opacity": 255,
          "positionPercentX": 0.309375,
          "positionPercentY": -0.0008802817,
          "positionType": 0,
          "rotation": 0,
          "scaleX": 1,
          "scaleY": 1,
          "sizePercentX": 0.671875,
          "sizePercentY": 0.8362676,
          "sizeType": 0,
          "tag": 4,
          "touchAble": true,
          "useMergedTexture": false,
          "visible": true,
          "width": 430,
          "x": 198,
          "y": -1,
          "backGroundImage": null,
          "backGroundImageData": null,
          "backGroundScale9Enable": false,
          "bgColorB": 100,
          "bgColorG": 150,
          "bgColorOpacity": 0,
          "bgColorR": 255,
          "bgEndColorB": 100,
          "bgEndColorG": 150,
          "bgEndColorR": 255,
          "bgStartColorB": 255,
          "bgStartColorG": 255,
          "bgStartColorR": 255,
          "bounceEnable": true,
          "capInsetsHeight": 0,
          "capInsetsWidth": 0,
          "capInsetsX": 0,
          "capInsetsY": 0,
          "clipAble": true,
          "colorType": 1,
          "direction": 1,
          "editorClipAble": true,
          "innerHeight": 950,
          "innerWidth": 430,
          "layoutType": 1,
          "vectorX": 0,
          "vectorY": -0.5
        }
      },
      {
        "classname": "Label",
        "name": null,
        "children": [],
        "options": {
          "__type": "LabelSurrogate:#EditorCommon.JsonModel.Component.GUI",
          "classname": "Label",
          "name": "Label_25",
          "ZOrder": 2,
          "actiontag": 25,
          "anchorPointX": 0.5,
          "anchorPointY": 0.5,
          "classType": "CocoStudio.EngineAdapterWrap.CSLabel",
          "colorB": 255,
          "colorG": 255,
          "colorR": 255,
          "customProperty": "",
          "flipX": false,
          "flipY": false,
          "height": 30,
          "ignoreSize": true,
          "layoutParameter": null,
          "opacity": 255,
          "positionPercentX": 0.628125,
          "positionPercentY": 0.916373253,
          "positionType": 0,
          "rotation": 0,
          "scaleX": 1,
          "scaleY": 1,
          "sizePercentX": 0.453125,
          "sizePercentY": 0.02640845,
          "sizeType": 0,
          "tag": 5,
          "touchAble": false,
          "useMergedTexture": false,
          "visible": true,
          "width": 290,
          "x": 402,
          "y": 1041,
          "areaHeight": 0,
          "areaWidth": 0,
          "fontFile": null,
          "fontName": "微软雅黑",
          "fontSize": 22,
          "hAlignment": 0,
          "text": "CHOOSE FAVOURITE TEAM",
          "touchScaleEnable": false,
          "vAlignment": 0
        }
      },
      {
        "classname": "Label",
        "name": null,
        "children": [],
        "options": {
          "__type": "LabelSurrogate:#EditorCommon.JsonModel.Component.GUI",
          "classname": "Label",
          "name": "leagueName",
          "ZOrder": 2,
          "actiontag": 26,
          "anchorPointX": 0.5,
          "anchorPointY": 0.5,
          "classType": "CocoStudio.EngineAdapterWrap.CSLabel",
          "colorB": 255,
          "colorG": 255,
          "colorR": 255,
          "customProperty": "",
          "flipX": false,
          "flipY": false,
          "height": 24,
          "ignoreSize": true,
          "layoutParameter": null,
          "opacity": 255,
          "positionPercentX": 0.628125,
          "positionPercentY": 0.8794014,
          "positionType": 0,
          "rotation": 0,
          "scaleX": 1,
          "scaleY": 1,
          "sizePercentX": 0.2234375,
          "sizePercentY": 0.02112676,
          "sizeType": 0,
          "tag": 6,
          "touchAble": false,
          "useMergedTexture": false,
          "visible": true,
          "width": 143,
          "x": 402,
          "y": 999,
          "areaHeight": 0,
          "areaWidth": 0,
          "fontFile": null,
          "fontName": "微软雅黑",
          "fontSize": 18,
          "hAlignment": 0,
          "text": "England Premier",
          "touchScaleEnable": false,
          "vAlignment": 0
        }
      },
      {
        "classname": "Panel",
        "name": null,
        "children": [],
        "options": {
          "__type": "PanelSurrogate:#EditorCommon.JsonModel.Component.GUI",
          "classname": "Panel",
          "name": "Panel_28",
          "ZOrder": 1,
          "actiontag": 28,
          "anchorPointX": 0,
          "anchorPointY": 0,
          "classType": "CocoStudio.EngineAdapterWrap.CSPanel",
          "colorB": 255,
          "colorG": 255,
          "colorR": 255,
          "customProperty": "",
          "flipX": false,
          "flipY": false,
          "height": 60,
          "ignoreSize": false,
          "layoutParameter": null,
          "opacity": 255,
          "positionPercentX": 0,
          "positionPercentY": 0.9471831,
          "positionType": 0,
          "rotation": 0,
          "scaleX": 1,
          "scaleY": 1,
          "sizePercentX": 1,
          "sizePercentY": 0.0528169,
          "sizeType": 0,
          "tag": 8,
          "touchAble": false,
          "useMergedTexture": false,
          "visible": true,
          "width": 640,
          "x": 0,
          "y": 1076,
          "adaptScreen": false,
          "backGroundImage": null,
          "backGroundImageData": null,
          "backGroundScale9Enable": false,
          "bgColorB": 0,
          "bgColorG": 0,
          "bgColorOpacity": 255,
          "bgColorR": 0,
          "bgEndColorB": 255,
          "bgEndColorG": 200,
          "bgEndColorR": 150,
          "bgStartColorB": 255,
          "bgStartColorG": 255,
          "bgStartColorR": 255,
          "capInsetsHeight": 0,
          "capInsetsWidth": 0,
          "capInsetsX": 0,
          "capInsetsY": 0,
          "clipAble": false,
          "colorType": 1,
          "layoutType": 0,
          "vectorX": 0,
          "vectorY": -0.5
        }
      },
      {
        "classname": "Button",
        "name": null,
        "children": [],
        "options": {
          "__type": "ButtonSurrogate:#EditorCommon.JsonModel.Component.GUI",
          "classname": "Button",
          "name": "ok",
          "ZOrder": 2,
          "actiontag": 29,
          "anchorPointX": 0.5,
          "anchorPointY": 0.5,
          "classType": "CocoStudio.EngineAdapterWrap.CSButton",
          "colorB": 255,
          "colorG": 255,
          "colorR": 255,
          "customProperty": "",
          "flipX": false,
          "flipY": false,
          "height": 33,
          "ignoreSize": true,
          "layoutParameter": null,
          "opacity": 255,
          "positionPercentX": 0.921875,
          "positionPercentY": 0.9762324,
          "positionType": 0,
          "rotation": 0,
          "scaleX": 1,
          "scaleY": 1,
          "sizePercentX": 0.1078125,
          "sizePercentY": 0.0290492959,
          "sizeType": 0,
          "tag": 9,
          "touchAble": true,
          "useMergedTexture": false,
          "visible": true,
          "width": 69,
          "x": 590,
          "y": 1109,
          "capInsetsHeight": 0,
          "capInsetsWidth": 0,
          "capInsetsX": 0,
          "capInsetsY": 0,
          "disabled": null,
          "disabledData": {
            "path": "FavouriteTeam/ok-icon-BF.png",
            "plistFile": "",
            "resourceType": 0
          },
          "fontName": "微软雅黑",
          "fontSize": 14,
          "fontType": 0,
          "normal": null,
          "normalData": {
            "path": "FavouriteTeam/ok-icon.png",
            "plistFile": "",
            "resourceType": 0
          },
          "pressed": null,
          "pressedData": {
            "path": null,
            "plistFile": null,
            "resourceType": 0
          },
          "scale9Enable": false,
          "scale9Height": 33,
          "scale9Width": 69,
          "text": "",
          "textColorB": 255,
          "textColorG": 255,
          "textColorR": 255
        }
      },
      {
        "classname": "ImageView",
        "name": null,
        "children": [],
        "options": {
          "__type": "ImageViewSurrogate:#EditorCommon.JsonModel.Component.GUI",
          "classname": "ImageView",
          "name": "ImageView_31",
          "ZOrder": 2,
          "actiontag": 31,
          "anchorPointX": 0.5,
          "anchorPointY": 0.5,
          "classType": "CocoStudio.EngineAdapterWrap.CSImageView",
          "colorB": 255,
          "colorG": 255,
          "colorR": 255,
          "customProperty": "",
          "flipX": false,
          "flipY": false,
          "height": 54,
          "ignoreSize": true,
          "layoutParameter": null,
          "opacity": 255,
          "positionPercentX": 0.275,
          "positionPercentY": 0.972711265,
          "positionType": 0,
          "rotation": 0,
          "scaleX": 1,
          "scaleY": 1,
          "sizePercentX": 0.475,
          "sizePercentY": 0.04753521,
          "sizeType": 0,
          "tag": 11,
          "touchAble": false,
          "useMergedTexture": false,
          "visible": true,
          "width": 304,
          "x": 176,
          "y": 1105,
          "capInsetsHeight": 0,
          "capInsetsWidth": 0,
          "capInsetsX": 0,
          "capInsetsY": 0,
          "fileName": null,
          "fileNameData": {
            "path": "header/footballhero-logo.png",
            "plistFile": "",
            "resourceType": 0
          },
          "scale9Enable": false,
          "scale9Height": 54,
          "scale9Width": 304
        }
      }
    ],
    "options": {
      "__type": "PanelSurrogate:#EditorCommon.JsonModel.Component.GUI",
      "classname": "Panel",
      "name": "Panel_20",
      "ZOrder": 0,
      "actiontag": -1,
      "anchorPointX": 0,
      "anchorPointY": 0,
      "classType": "CocoStudio.EngineAdapterWrap.CSPanel",
      "colorB": 255,
      "colorG": 255,
      "colorR": 255,
      "customProperty": "",
      "flipX": false,
      "flipY": false,
      "height": 1136,
      "ignoreSize": false,
      "layoutParameter": null,
      "opacity": 255,
      "positionPercentX": 0,
      "positionPercentY": 0,
      "positionType": 0,
      "rotation": 0,
      "scaleX": 1,
      "scaleY": 1,
      "sizePercentX": 1,
      "sizePercentY": 1,
      "sizeType": 0,
      "tag": 1,
      "touchAble": false,
      "useMergedTexture": false,
      "visible": true,
      "width": 640,
      "x": 0,
      "y": 0,
      "adaptScreen": false,
      "backGroundImage": null,
      "backGroundImageData": {
        "path": "FavouriteTeam/favourites-bg.jpg",
        "plistFile": "",
        "resourceType": 0
      },
      "backGroundScale9Enable": false,
      "bgColorB": 255,
      "bgColorG": 200,
      "bgColorOpacity": 0,
      "bgColorR": 150,
      "bgEndColorB": 255,
      "bgEndColorG": 200,
      "bgEndColorR": 150,
      "bgStartColorB": 255,
      "bgStartColorG": 255,
      "bgStartColorR": 255,
      "capInsetsHeight": 0,
      "capInsetsWidth": 0,
      "capInsetsX": 0,
      "capInsetsY": 0,
      "clipAble": false,
      "colorType": 1,
      "layoutType": 0,
      "vectorX": 0,
      "vectorY": -0.5
    }
  }
}