{
  "classname": null,
  "name": null,
  "animation": {
    "classname": null,
    "name": "AnimationManager",
    "actionlist": []
  },
  "dataScale": 1,
  "designHeight": 1136,
  "designWidth": 640,
  "textures": [],
  "texturesPng": [
    "Competition/btn_yellow_createNew.png",
    "Competition/code_input.png",
    "Competition/btn_yellow_small.png",
    "Competition/icn_rank_green.png",
    "Leaderboards/guangline.png",
    "Leaderboards/competition.png",
    "MatchListContent/line.png",
    "commonRes/England.png",
    "Popup/Match-List-popup-bg.png",
    "Popup/ok-popup_03.png",
    "Settings/settings-bg.jpg",
    "header/guangyun.png",
    "header/back.png",
    "commonRes/England.png",
    "FavouriteTeam/favourites-bg.jpg",
    "FavouriteTeam/ok-icon.png",
    "FavouriteTeam/ok-icon-BF.png",
    "header/footballhero-logo.png",
    "LoginNReg/signin-bg.jpg",
    "LoginNReg/forgotPassword-bg.png",
    "LoginNReg/ok-icon.png",
    "LoginNReg/cancel-icon.png",
    "header/footballhero-logo.png",
    "header/guangyun.png",
    "history/bg.png",
    "header/guangyun.png",
    "header/footballhero-logo.png",
    "header/back.png",
    "MatchPrediction/Will-both-teams-score-no.png",
    "history/hengxian.png",
    "history/blue.png",
    "history/green.png",
    "history/red.png",
    "MatchPrediction/Will-both-teams-score-no.png",
    "history/hengxian.png",
    "history/blue.png",
    "history/green.png",
    "history/red.png",
    "history/bg.png",
    "header/guangyun.png",
    "header/footballhero-logo.png",
    "history/bg.png",
    "header/guangyun.png",
    "header/back.png",
    "MatchListContent/vs-button.png",
    "commonRes/Arsenal.png",
    "history/jiantou.png",
    "history/hengxian.png",
    "history/blue.png",
    "history/green.png",
    "history/red.png",
    "history/shangsheng.png",
    "history/xiajiang.png"
  ],
  "version": "1.5.0.0",
  "widgetTree": {
    "classname": "Panel",
    "name": null,
    "children": [
      {
        "classname": "Label",
        "name": null,
        "children": [],
        "options": {
          "__type": "LabelSurrogate:#EditorCommon.JsonModel.Component.GUI",
          "classname": "Label",
          "name": "points",
          "ZOrder": 2,
          "actiontag": 1348,
          "anchorPointX": 0,
          "anchorPointY": 0.5,
          "classType": "CocoStudio.EngineAdapterWrap.CSLabel",
          "colorB": 255,
          "colorG": 255,
          "colorR": 255,
          "customProperty": "",
          "flipX": false,
          "flipY": false,
          "height": 27,
          "ignoreSize": true,
          "layoutParameter": null,
          "opacity": 255,
          "positionPercentX": 0.784375,
          "positionPercentY": 0.74594593,
          "positionType": 0,
          "rotation": 0,
          "scaleX": 1,
          "scaleY": 1,
          "sizePercentX": 0.09375,
          "sizePercentY": 0.145945951,
          "sizeType": 0,
          "tag": 247,
          "touchAble": false,
          "useMergedTexture": false,
          "visible": true,
          "width": 60,
          "x": 502,
          "y": 138,
          "areaHeight": 0,
          "areaWidth": 0,
          "fontFile": null,
          "fontName": "微软雅黑",
          "fontSize": 20,
          "hAlignment": 0,
          "text": "10000",
          "touchScaleEnable": false,
          "vAlignment": 0
        }
      },
      {
        "classname": "Label",
        "name": null,
        "children": [],
        "options": {
          "__type": "LabelSurrogate:#EditorCommon.JsonModel.Component.GUI",
          "classname": "Label",
          "name": "pointsTitle",
          "ZOrder": 1,
          "actiontag": 1292,
          "anchorPointX": 0.5,
          "anchorPointY": 0.5,
          "classType": "CocoStudio.EngineAdapterWrap.CSLabel",
          "colorB": 255,
          "colorG": 255,
          "colorR": 255,
          "customProperty": "",
          "flipX": false,
          "flipY": false,
          "height": 27,
          "ignoreSize": true,
          "layoutParameter": null,
          "opacity": 255,
          "positionPercentX": 0.709375,
          "positionPercentY": 0.74594593,
          "positionType": 0,
          "rotation": 0,
          "scaleX": 1,
          "scaleY": 1,
          "sizePercentX": 0.0984375,
          "sizePercentY": 0.145945951,
          "sizeType": 0,
          "tag": 247,
          "touchAble": false,
          "useMergedTexture": false,
          "visible": true,
          "width": 63,
          "x": 454,
          "y": 138,
          "areaHeight": 0,
          "areaWidth": 0,
          "fontFile": null,
          "fontName": "微软雅黑",
          "fontSize": 20,
          "hAlignment": 0,
          "text": "Points:",
          "touchScaleEnable": false,
          "vAlignment": 0
        }
      },
      {
        "classname": "Label",
        "name": null,
        "children": [],
        "options": {
          "__type": "LabelSurrogate:#EditorCommon.JsonModel.Component.GUI",
          "classname": "Label",
          "name": "VS",
          "ZOrder": 1,
          "actiontag": 1291,
          "anchorPointX": 0.5,
          "anchorPointY": 0.5,
          "classType": "CocoStudio.EngineAdapterWrap.CSLabel",
          "colorB": 255,
          "colorG": 255,
          "colorR": 255,
          "customProperty": "",
          "flipX": false,
          "flipY": false,
          "height": 39,
          "ignoreSize": true,
          "layoutParameter": null,
          "opacity": 255,
          "positionPercentX": 0.3234375,
          "positionPercentY": 0.6,
          "positionType": 0,
          "rotation": 0,
          "scaleX": 1,
          "scaleY": 1,
          "sizePercentX": 0.0578125,
          "sizePercentY": 0.21081081,
          "sizeType": 0,
          "tag": 247,
          "touchAble": false,
          "useMergedTexture": false,
          "visible": true,
          "width": 37,
          "x": 207,
          "y": 111,
          "areaHeight": 0,
          "areaWidth": 0,
          "fontFile": null,
          "fontName": "微软雅黑",
          "fontSize": 30,
          "hAlignment": 0,
          "text": "VS",
          "touchScaleEnable": false,
          "vAlignment": 0
        }
      },
      {
        "classname": "Button",
        "name": null,
        "children": [],
        "options": {
          "__type": "ButtonSurrogate:#EditorCommon.JsonModel.Component.GUI",
          "classname": "Button",
          "name": "match",
          "ZOrder": 1,
          "actiontag": 1285,
          "anchorPointX": 0.5,
          "anchorPointY": 0.5,
          "classType": "CocoStudio.EngineAdapterWrap.CSButton",
          "colorB": 255,
          "colorG": 255,
          "colorR": 255,
          "customProperty": "",
          "flipX": false,
          "flipY": false,
          "height": 91,
          "ignoreSize": true,
          "layoutParameter": null,
          "opacity": 1,
          "positionPercentX": 0.5,
          "positionPercentY": 0.46486485,
          "positionType": 0,
          "rotation": 0,
          "scaleX": 1.77987123,
          "scaleY": 1.80997658,
          "sizePercentX": 0.5546875,
          "sizePercentY": 0.4918919,
          "sizeType": 0,
          "tag": 246,
          "touchAble": true,
          "useMergedTexture": false,
          "visible": true,
          "width": 355,
          "x": 320,
          "y": 86,
          "capInsetsHeight": 0,
          "capInsetsWidth": 0,
          "capInsetsX": 0,
          "capInsetsY": 0,
          "disabled": null,
          "disabledData": {
            "path": "MatchListContent/vs-button.png",
            "plistFile": "",
            "resourceType": 0
          },
          "fontName": "微软雅黑",
          "fontSize": 14,
          "fontType": 0,
          "normal": null,
          "normalData": {
            "path": "MatchListContent/vs-button.png",
            "plistFile": "",
            "resourceType": 0
          },
          "pressed": null,
          "pressedData": {
            "path": "MatchListContent/vs-button.png",
            "plistFile": "",
            "resourceType": 0
          },
          "scale9Enable": false,
          "scale9Height": 91,
          "scale9Width": 355,
          "text": "",
          "textColorB": 255,
          "textColorG": 255,
          "textColorR": 255
        }
      },
      {
        "classname": "ImageView",
        "name": null,
        "children": [],
        "options": {
          "__type": "ImageViewSurrogate:#EditorCommon.JsonModel.Component.GUI",
          "classname": "ImageView",
          "name": "team1",
          "ZOrder": 1,
          "actiontag": 1283,
          "anchorPointX": 0.5,
          "anchorPointY": 0.5,
          "classType": "CocoStudio.EngineAdapterWrap.CSImageView",
          "colorB": 255,
          "colorG": 255,
          "colorR": 255,
          "customProperty": "",
          "flipX": false,
          "flipY": false,
          "height": 256,
          "ignoreSize": true,
          "layoutParameter": null,
          "opacity": 255,
          "positionPercentX": 0.16875,
          "positionPercentY": 0.545945942,
          "positionType": 0,
          "rotation": 0,
          "scaleX": 0.4,
          "scaleY": 0.4,
          "sizePercentX": 0.4,
          "sizePercentY": 1.38378382,
          "sizeType": 0,
          "tag": 244,
          "touchAble": false,
          "useMergedTexture": false,
          "visible": true,
          "width": 256,
          "x": 108,
          "y": 101,
          "capInsetsHeight": 0,
          "capInsetsWidth": 0,
          "capInsetsX": 0,
          "capInsetsY": 0,
          "fileName": null,
          "fileNameData": {
            "path": "commonRes/Arsenal.png",
            "plistFile": "",
            "resourceType": 0
          },
          "scale9Enable": false,
          "scale9Height": 256,
          "scale9Width": 256
        }
      },
      {
        "classname": "ImageView",
        "name": null,
        "children": [],
        "options": {
          "__type": "ImageViewSurrogate:#EditorCommon.JsonModel.Component.GUI",
          "classname": "ImageView",
          "name": "team2",
          "ZOrder": 1,
          "actiontag": 1284,
          "anchorPointX": 0.5,
          "anchorPointY": 0.5,
          "classType": "CocoStudio.EngineAdapterWrap.CSImageView",
          "colorB": 255,
          "colorG": 255,
          "colorR": 255,
          "customProperty": "",
          "flipX": false,
          "flipY": false,
          "height": 256,
          "ignoreSize": true,
          "layoutParameter": null,
          "opacity": 255,
          "positionPercentX": 0.471875,
          "positionPercentY": 0.545945942,
          "positionType": 0,
          "rotation": 0,
          "scaleX": 0.4,
          "scaleY": 0.4,
          "sizePercentX": 0.4,
          "sizePercentY": 1.38378382,
          "sizeType": 0,
          "tag": 244,
          "touchAble": false,
          "useMergedTexture": false,
          "visible": true,
          "width": 256,
          "x": 302,
          "y": 101,
          "capInsetsHeight": 0,
          "capInsetsWidth": 0,
          "capInsetsX": 0,
          "capInsetsY": 0,
          "fileName": null,
          "fileNameData": {
            "path": "commonRes/Arsenal.png",
            "plistFile": "",
            "resourceType": 0
          },
          "scale9Enable": false,
          "scale9Height": 256,
          "scale9Width": 256
        }
      },
      {
        "classname": "Label",
        "name": null,
        "children": [],
        "options": {
          "__type": "LabelSurrogate:#EditorCommon.JsonModel.Component.GUI",
          "classname": "Label",
          "name": "team1Name",
          "ZOrder": 1,
          "actiontag": 1286,
          "anchorPointX": 0.5,
          "anchorPointY": 0.5,
          "classType": "CocoStudio.EngineAdapterWrap.CSLabel",
          "colorB": 255,
          "colorG": 255,
          "colorR": 255,
          "customProperty": "",
          "flipX": false,
          "flipY": false,
          "height": 24,
          "ignoreSize": true,
          "layoutParameter": null,
          "opacity": 255,
          "positionPercentX": 0.171875,
          "positionPercentY": 0.2054054,
          "positionType": 0,
          "rotation": 0,
          "scaleX": 1,
          "scaleY": 1,
          "sizePercentX": 0.25625,
          "sizePercentY": 0.129729733,
          "sizeType": 0,
          "tag": 247,
          "touchAble": false,
          "useMergedTexture": false,
          "visible": true,
          "width": 164,
          "x": 110,
          "y": 38,
          "areaHeight": 0,
          "areaWidth": 0,
          "fontFile": null,
          "fontName": "微软雅黑",
          "fontSize": 18,
          "hAlignment": 0,
          "text": "Manchester United",
          "touchScaleEnable": false,
          "vAlignment": 0
        }
      },
      {
        "classname": "Label",
        "name": null,
        "children": [],
        "options": {
          "__type": "LabelSurrogate:#EditorCommon.JsonModel.Component.GUI",
          "classname": "Label",
          "name": "team2Name",
          "ZOrder": 1,
          "actiontag": 1290,
          "anchorPointX": 0.5,
          "anchorPointY": 0.5,
          "classType": "CocoStudio.EngineAdapterWrap.CSLabel",
          "colorB": 255,
          "colorG": 255,
          "colorR": 255,
          "customProperty": "",
          "flipX": false,
          "flipY": false,
          "height": 24,
          "ignoreSize": true,
          "layoutParameter": null,
          "opacity": 255,
          "positionPercentX": 0.471875,
          "positionPercentY": 0.2054054,
          "positionType": 0,
          "rotation": 0,
          "scaleX": 1,
          "scaleY": 1,
          "sizePercentX": 0.25625,
          "sizePercentY": 0.129729733,
          "sizeType": 0,
          "tag": 247,
          "touchAble": false,
          "useMergedTexture": false,
          "visible": true,
          "width": 164,
          "x": 302,
          "y": 38,
          "areaHeight": 0,
          "areaWidth": 0,
          "fontFile": null,
          "fontName": "微软雅黑",
          "fontSize": 18,
          "hAlignment": 0,
          "text": "Manchester United",
          "touchScaleEnable": false,
          "vAlignment": 0
        }
      },
      {
        "classname": "ImageView",
        "name": null,
        "children": [],
        "options": {
          "__type": "ImageViewSurrogate:#EditorCommon.JsonModel.Component.GUI",
          "classname": "ImageView",
          "name": "ImageView_1293",
          "ZOrder": 1,
          "actiontag": 1293,
          "anchorPointX": 0.5,
          "anchorPointY": 0.5,
          "classType": "CocoStudio.EngineAdapterWrap.CSImageView",
          "colorB": 255,
          "colorG": 255,
          "colorR": 255,
          "customProperty": "",
          "flipX": false,
          "flipY": false,
          "height": 40,
          "ignoreSize": true,
          "layoutParameter": null,
          "opacity": 255,
          "positionPercentX": 0.9484375,
          "positionPercentY": 0.53513515,
          "positionType": 0,
          "rotation": 0,
          "scaleX": 1,
          "scaleY": 1,
          "sizePercentX": 0.05625,
          "sizePercentY": 0.216216221,
          "sizeType": 0,
          "tag": 245,
          "touchAble": false,
          "useMergedTexture": false,
          "visible": true,
          "width": 36,
          "x": 607,
          "y": 99,
          "capInsetsHeight": 0,
          "capInsetsWidth": 0,
          "capInsetsX": 0,
          "capInsetsY": 0,
          "fileName": null,
          "fileNameData": {
            "path": "history/jiantou.png",
            "plistFile": "",
            "resourceType": 0
          },
          "scale9Enable": false,
          "scale9Height": 40,
          "scale9Width": 36
        }
      },
      {
        "classname": "ImageView",
        "name": null,
        "children": [],
        "options": {
          "__type": "ImageViewSurrogate:#EditorCommon.JsonModel.Component.GUI",
          "classname": "ImageView",
          "name": "ImageView_1294",
          "ZOrder": 1,
          "actiontag": 1294,
          "anchorPointX": 0.5,
          "anchorPointY": 0.5,
          "classType": "CocoStudio.EngineAdapterWrap.CSImageView",
          "colorB": 255,
          "colorG": 255,
          "colorR": 255,
          "customProperty": "",
          "flipX": false,
          "flipY": false,
          "height": 3,
          "ignoreSize": true,
          "layoutParameter": null,
          "opacity": 255,
          "positionPercentX": 0.5,
          "positionPercentY": 0.0108108111,
          "positionType": 0,
          "rotation": 0,
          "scaleX": 1,
          "scaleY": 1,
          "sizePercentX": 0.996875,
          "sizePercentY": 0.0162162166,
          "sizeType": 0,
          "tag": 246,
          "touchAble": false,
          "useMergedTexture": false,
          "visible": true,
          "width": 638,
          "x": 320,
          "y": 2,
          "capInsetsHeight": 0,
          "capInsetsWidth": 0,
          "capInsetsX": 0,
          "capInsetsY": 0,
          "fileName": null,
          "fileNameData": {
            "path": "history/hengxian.png",
            "plistFile": "",
            "resourceType": 0
          },
          "scale9Enable": false,
          "scale9Height": 3,
          "scale9Width": 638
        }
      },
      {
        "classname": "ImageView",
        "name": null,
        "children": [],
        "options": {
          "__type": "ImageViewSurrogate:#EditorCommon.JsonModel.Component.GUI",
          "classname": "ImageView",
          "name": "ImageView_1295",
          "ZOrder": 1,
          "actiontag": 1295,
          "anchorPointX": 0.5,
          "anchorPointY": 0.5,
          "classType": "CocoStudio.EngineAdapterWrap.CSImageView",
          "colorB": 255,
          "colorG": 255,
          "colorR": 255,
          "customProperty": "",
          "flipX": false,
          "flipY": false,
          "height": 3,
          "ignoreSize": true,
          "layoutParameter": null,
          "opacity": 255,
          "positionPercentX": 0.5,
          "positionPercentY": 0.924324334,
          "positionType": 0,
          "rotation": 0,
          "scaleX": 1,
          "scaleY": 1,
          "sizePercentX": 0.996875,
          "sizePercentY": 0.0162162166,
          "sizeType": 0,
          "tag": 246,
          "touchAble": false,
          "useMergedTexture": false,
          "visible": true,
          "width": 638,
          "x": 320,
          "y": 171,
          "capInsetsHeight": 0,
          "capInsetsWidth": 0,
          "capInsetsX": 0,
          "capInsetsY": 0,
          "fileName": null,
          "fileNameData": {
            "path": "history/hengxian.png",
            "plistFile": "",
            "resourceType": 0
          },
          "scale9Enable": false,
          "scale9Height": 3,
          "scale9Width": 638
        }
      },
      {
        "classname": "Button",
        "name": null,
        "children": [],
        "options": {
          "__type": "ButtonSurrogate:#EditorCommon.JsonModel.Component.GUI",
          "classname": "Button",
          "name": "statusBar",
          "ZOrder": 1,
          "actiontag": 1296,
          "anchorPointX": 0.5,
          "anchorPointY": 0.5,
          "classType": "CocoStudio.EngineAdapterWrap.CSButton",
          "colorB": 255,
          "colorG": 255,
          "colorR": 255,
          "customProperty": "",
          "flipX": false,
          "flipY": false,
          "height": 169,
          "ignoreSize": true,
          "layoutParameter": null,
          "opacity": 255,
          "positionPercentX": 0.0078125,
          "positionPercentY": 0.470270276,
          "positionType": 0,
          "rotation": 0,
          "scaleX": 1,
          "scaleY": 1,
          "sizePercentX": 0.0109375,
          "sizePercentY": 0.913513541,
          "sizeType": 0,
          "tag": 248,
          "touchAble": false,
          "useMergedTexture": false,
          "visible": true,
          "width": 7,
          "x": 5,
          "y": 87,
          "capInsetsHeight": 0,
          "capInsetsWidth": 0,
          "capInsetsX": 0,
          "capInsetsY": 0,
          "disabled": null,
          "disabledData": {
            "path": "history/red.png",
            "plistFile": "",
            "resourceType": 0
          },
          "fontName": "微软雅黑",
          "fontSize": 14,
          "fontType": 0,
          "normal": null,
          "normalData": {
            "path": "history/blue.png",
            "plistFile": "",
            "resourceType": 0
          },
          "pressed": null,
          "pressedData": {
            "path": "history/green.png",
            "plistFile": "",
            "resourceType": 0
          },
          "scale9Enable": false,
          "scale9Height": 169,
          "scale9Width": 7,
          "text": "",
          "textColorB": 255,
          "textColorG": 255,
          "textColorR": 255
        }
      },
      {
        "classname": "Label",
        "name": null,
        "children": [],
        "options": {
          "__type": "LabelSurrogate:#EditorCommon.JsonModel.Component.GUI",
          "classname": "Label",
          "name": "winPercentage",
          "ZOrder": 2,
          "actiontag": 1308,
          "anchorPointX": 0,
          "anchorPointY": 0.5,
          "classType": "CocoStudio.EngineAdapterWrap.CSLabel",
          "colorB": 255,
          "colorG": 255,
          "colorR": 255,
          "customProperty": "",
          "flipX": false,
          "flipY": false,
          "height": 27,
          "ignoreSize": true,
          "layoutParameter": null,
          "opacity": 255,
          "positionPercentX": 0.65,
          "positionPercentY": 0.2054054,
          "positionType": 0,
          "rotation": 0,
          "scaleX": 1,
          "scaleY": 1,
          "sizePercentX": 0.1734375,
          "sizePercentY": 0.145945951,
          "sizeType": 0,
          "tag": 249,
          "touchAble": false,
          "useMergedTexture": false,
          "visible": true,
          "width": 111,
          "x": 416,
          "y": 38,
          "areaHeight": 0,
          "areaWidth": 0,
          "fontFile": null,
          "fontName": "微软雅黑",
          "fontSize": 20,
          "hAlignment": 0,
          "text": "Win: %s%%",
          "touchScaleEnable": false,
          "vAlignment": 0
        }
      },
      {
        "classname": "Button",
        "name": null,
        "children": [],
        "options": {
          "__type": "ButtonSurrogate:#EditorCommon.JsonModel.Component.GUI",
          "classname": "Button",
          "name": "pointWinInd",
          "ZOrder": 1,
          "actiontag": 1311,
          "anchorPointX": 0.5,
          "anchorPointY": 0.5,
          "classType": "CocoStudio.EngineAdapterWrap.CSButton",
          "colorB": 255,
          "colorG": 255,
          "colorR": 255,
          "customProperty": "",
          "flipX": false,
          "flipY": false,
          "height": 24,
          "ignoreSize": true,
          "layoutParameter": null,
          "opacity": 255,
          "positionPercentX": 0.709375,
          "positionPercentY": 0.4972973,
          "positionType": 0,
          "rotation": 0,
          "scaleX": 1,
          "scaleY": 1,
          "sizePercentX": 0.0453125,
          "sizePercentY": 0.129729733,
          "sizeType": 0,
          "tag": 252,
          "touchAble": false,
          "useMergedTexture": false,
          "visible": true,
          "width": 29,
          "x": 454,
          "y": 92,
          "capInsetsHeight": 0,
          "capInsetsWidth": 0,
          "capInsetsX": 0,
          "capInsetsY": 0,
          "disabled": null,
          "disabledData": {
            "path": "history/xiajiang.png",
            "plistFile": "",
            "resourceType": 0
          },
          "fontName": "微软雅黑",
          "fontSize": 14,
          "fontType": 0,
          "normal": null,
          "normalData": {
            "path": "history/shangsheng.png",
            "plistFile": "",
            "resourceType": 0
          },
          "pressed": null,
          "pressedData": {
            "path": null,
            "plistFile": null,
            "resourceType": 0
          },
          "scale9Enable": false,
          "scale9Height": 24,
          "scale9Width": 29,
          "text": "",
          "textColorB": 255,
          "textColorG": 255,
          "textColorR": 255
        }
      },
      {
        "classname": "Label",
        "name": null,
        "children": [],
        "options": {
          "__type": "LabelSurrogate:#EditorCommon.JsonModel.Component.GUI",
          "classname": "Label",
          "name": "roi",
          "ZOrder": 1,
          "actiontag": 1312,
          "anchorPointX": 0,
          "anchorPointY": 0.5,
          "classType": "CocoStudio.EngineAdapterWrap.CSLabel",
          "colorB": 255,
          "colorG": 255,
          "colorR": 255,
          "customProperty": "",
          "flipX": false,
          "flipY": false,
          "height": 46,
          "ignoreSize": true,
          "layoutParameter": null,
          "opacity": 255,
          "positionPercentX": 0.746875,
          "positionPercentY": 0.4918919,
          "positionType": 0,
          "rotation": 0,
          "scaleX": 1,
          "scaleY": 1,
          "sizePercentX": 0.2421875,
          "sizePercentY": 0.248648643,
          "sizeType": 0,
          "tag": 253,
          "touchAble": false,
          "useMergedTexture": false,
          "visible": true,
          "width": 155,
          "x": 478,
          "y": 91,
          "areaHeight": 0,
          "areaWidth": 0,
          "fontFile": null,
          "fontName": "微软雅黑",
          "fontSize": 35,
          "hAlignment": 0,
          "text": "%1.2f%%",
          "touchScaleEnable": false,
          "vAlignment": 0
        }
      },
      {
        "classname": "Label",
        "name": null,
        "children": [],
        "options": {
          "__type": "LabelSurrogate:#EditorCommon.JsonModel.Component.GUI",
          "classname": "Label",
          "name": "score",
          "ZOrder": 4,
          "actiontag": 4,
          "anchorPointX": 0.5,
          "anchorPointY": 0.5,
          "classType": "CocoStudio.EngineAdapterWrap.CSLabel",
          "colorB": 255,
          "colorG": 255,
          "colorR": 255,
          "customProperty": "",
          "flipX": false,
          "flipY": false,
          "height": 46,
          "ignoreSize": true,
          "layoutParameter": null,
          "opacity": 255,
          "positionPercentX": 0.3203125,
          "positionPercentY": 0.5837838,
          "positionType": 0,
          "rotation": -0.186639965,
          "scaleX": 1,
          "scaleY": 1,
          "sizePercentX": 0.2203125,
          "sizePercentY": 0.248648643,
          "sizeType": 0,
          "tag": 2288,
          "touchAble": false,
          "useMergedTexture": false,
          "visible": true,
          "width": 141,
          "x": 205,
          "y": 108,
          "areaHeight": 0,
          "areaWidth": 0,
          "fontFile": null,
          "fontName": "微软雅黑",
          "fontSize": 35,
          "hAlignment": 1,
          "text": "%d - %d",
          "touchScaleEnable": false,
          "vAlignment": 1
        }
      }
    ],
    "options": {
      "__type": "PanelSurrogate:#EditorCommon.JsonModel.Component.GUI",
      "classname": "Panel",
      "name": "Panel_38",
      "ZOrder": 0,
      "actiontag": -1,
      "anchorPointX": 0,
      "anchorPointY": 0,
      "classType": "CocoStudio.EngineAdapterWrap.CSPanel",
      "colorB": 255,
      "colorG": 255,
      "colorR": 255,
      "customProperty": "",
      "flipX": false,
      "flipY": false,
      "height": 185,
      "ignoreSize": false,
      "layoutParameter": null,
      "opacity": 255,
      "positionPercentX": 0,
      "positionPercentY": 0,
      "positionType": 0,
      "rotation": 0,
      "scaleX": 1,
      "scaleY": 1,
      "sizePercentX": 1,
      "sizePercentY": 1,
      "sizeType": 0,
      "tag": 3,
      "touchAble": false,
      "useMergedTexture": false,
      "visible": true,
      "width": 640,
      "x": 0,
      "y": 0,
      "adaptScreen": false,
      "backGroundImage": null,
      "backGroundImageData": null,
      "backGroundScale9Enable": false,
      "bgColorB": 255,
      "bgColorG": 200,
      "bgColorOpacity": 0,
      "bgColorR": 150,
      "bgEndColorB": 255,
      "bgEndColorG": 200,
      "bgEndColorR": 150,
      "bgStartColorB": 255,
      "bgStartColorG": 255,
      "bgStartColorR": 255,
      "capInsetsHeight": 0,
      "capInsetsWidth": 0,
      "capInsetsX": 0,
      "capInsetsY": 0,
      "clipAble": false,
      "colorType": 1,
      "layoutType": 0,
      "vectorX": 0,
      "vectorY": -0.5
    }
  }
}