{
  "classname": null,
  "name": null,
  "animation": {
    "classname": null,
    "name": "AnimationManager",
    "actionlist": []
  },
  "dataScale": 1,
  "designHeight": 1136,
  "designWidth": 640,
  "textures": [],
  "texturesPng": [
    "Competition/btn_yellow_createNew.png",
    "Competition/code_input.png",
    "Competition/btn_yellow_small.png",
    "Competition/icn_rank_green.png",
    "Leaderboards/guangline.png",
    "Leaderboards/competition.png",
    "MatchListContent/line.png",
    "commonRes/England.png",
    "Popup/Match-List-popup-bg.png",
    "Popup/ok-popup_03.png",
    "Settings/settings-bg.jpg",
    "header/guangyun.png",
    "header/back.png",
    "commonRes/England.png",
    "FavouriteTeam/favourites-bg.jpg",
    "FavouriteTeam/ok-icon.png",
    "FavouriteTeam/ok-icon-BF.png",
    "header/footballhero-logo.png",
    "LoginNReg/signin-bg.jpg",
    "LoginNReg/forgotPassword-bg.png",
    "LoginNReg/ok-icon.png",
    "LoginNReg/cancel-icon.png",
    "header/footballhero-logo.png",
    "header/guangyun.png",
    "history/bg.png",
    "header/guangyun.png",
    "header/footballhero-logo.png",
    "header/back.png",
    "MatchPrediction/Will-both-teams-score-no.png",
    "history/hengxian.png",
    "history/blue.png",
    "history/green.png",
    "history/red.png",
    "MatchPrediction/Will-both-teams-score-no.png",
    "history/hengxian.png",
    "history/blue.png",
    "history/green.png",
    "history/red.png",
    "history/bg.png",
    "header/guangyun.png",
    "header/footballhero-logo.png",
    "history/bg.png",
    "header/guangyun.png",
    "header/back.png",
    "MatchListContent/vs-button.png",
    "commonRes/Arsenal.png",
    "history/jiantou.png",
    "history/hengxian.png",
    "history/blue.png",
    "history/green.png",
    "history/red.png",
    "history/shangsheng.png",
    "history/xiajiang.png",
    "Leaderboards/guangline.png",
    "Leaderboards/friends.png",
    "header/guangyun.png",
    "history/bg.png",
    "header/back.png",
    "MatchListContent/guang-xia.png",
    "LoginNReg/photo.png",
    "header/footballhero-logo.png",
    "header/guangyun.png",
    "history/bg.png",
    "Leaderboards/xialalan.png",
    "MatchListContent/line.png",
    "LoginNReg/Account-bg.jpg",
    "header/guangyun.png",
    "LoginNReg/facebook-icon.png",
    "LoginNReg/register-icon.png",
    "LoginNReg/line.png",
    "LoginNReg/sign-in-icon.png",
    "header/footballhero-logo.png",
    "GUI/button.png",
    "commonRes/Arsenal.png",
    "commonRes/Manchester United.png",
    "MatchListContent/line.png"
  ],
  "version": "1.5.0.0",
  "widgetTree": {
    "classname": "Panel",
    "name": null,
    "children": [
      {
        "classname": "Label",
        "name": null,
        "children": [],
        "options": {
          "__type": "LabelSurrogate:#EditorCommon.JsonModel.Component.GUI",
          "classname": "Label",
          "name": "score",
          "ZOrder": 4,
          "actiontag": 1941,
          "anchorPointX": 0.5,
          "anchorPointY": 0.5,
          "classType": "CocoStudio.EngineAdapterWrap.CSLabel",
          "colorB": 255,
          "colorG": 255,
          "colorR": 255,
          "customProperty": "",
          "flipX": false,
          "flipY": false,
          "height": 58,
          "ignoreSize": true,
          "layoutParameter": null,
          "opacity": 255,
          "positionPercentX": 0.5,
          "positionPercentY": 0.7201258,
          "positionType": 0,
          "rotation": -0.186639965,
          "scaleX": 1,
          "scaleY": 1,
          "sizePercentX": 0.2859375,
          "sizePercentY": 0.18238993,
          "sizeType": 0,
          "tag": 8,
          "touchAble": false,
          "useMergedTexture": false,
          "visible": true,
          "width": 183,
          "x": 320,
          "y": 229,
          "areaHeight": 0,
          "areaWidth": 0,
          "fontFile": null,
          "fontName": "微软雅黑",
          "fontSize": 45,
          "hAlignment": 1,
          "text": "%d - %d",
          "touchScaleEnable": false,
          "vAlignment": 1
        }
      },
      {
        "classname": "ImageView",
        "name": null,
        "children": [],
        "options": {
          "__type": "ImageViewSurrogate:#EditorCommon.JsonModel.Component.GUI",
          "classname": "ImageView",
          "name": "team1",
          "ZOrder": 1,
          "actiontag": 40,
          "anchorPointX": 0.5,
          "anchorPointY": 0.5,
          "classType": "CocoStudio.EngineAdapterWrap.CSImageView",
          "colorB": 255,
          "colorG": 255,
          "colorR": 255,
          "customProperty": "",
          "flipX": false,
          "flipY": false,
          "height": 256,
          "ignoreSize": true,
          "layoutParameter": null,
          "opacity": 255,
          "positionPercentX": 0.1390625,
          "positionPercentY": 0.5786164,
          "positionType": 0,
          "rotation": 0,
          "scaleX": 0.6,
          "scaleY": 0.6,
          "sizePercentX": 0.4,
          "sizePercentY": 0.8050314,
          "sizeType": 0,
          "tag": 4,
          "touchAble": false,
          "useMergedTexture": false,
          "visible": true,
          "width": 256,
          "x": 89,
          "y": 184,
          "capInsetsHeight": 0,
          "capInsetsWidth": 0,
          "capInsetsX": 0,
          "capInsetsY": 0,
          "fileName": null,
          "fileNameData": {
            "path": "commonRes/Arsenal.png",
            "plistFile": "",
            "resourceType": 0
          },
          "scale9Enable": false,
          "scale9Height": 256,
          "scale9Width": 256
        }
      },
      {
        "classname": "ImageView",
        "name": null,
        "children": [],
        "options": {
          "__type": "ImageViewSurrogate:#EditorCommon.JsonModel.Component.GUI",
          "classname": "ImageView",
          "name": "team2",
          "ZOrder": 2,
          "actiontag": 41,
          "anchorPointX": 0.5,
          "anchorPointY": 0.5,
          "classType": "CocoStudio.EngineAdapterWrap.CSImageView",
          "colorB": 255,
          "colorG": 255,
          "colorR": 255,
          "customProperty": "",
          "flipX": false,
          "flipY": false,
          "height": 256,
          "ignoreSize": true,
          "layoutParameter": null,
          "opacity": 255,
          "positionPercentX": 0.8609375,
          "positionPercentY": 0.6006289,
          "positionType": 0,
          "rotation": 0,
          "scaleX": 0.6,
          "scaleY": 0.6,
          "sizePercentX": 0.4,
          "sizePercentY": 0.8050314,
          "sizeType": 0,
          "tag": 5,
          "touchAble": false,
          "useMergedTexture": false,
          "visible": true,
          "width": 256,
          "x": 551,
          "y": 191,
          "capInsetsHeight": 0,
          "capInsetsWidth": 0,
          "capInsetsX": 0,
          "capInsetsY": 0,
          "fileName": null,
          "fileNameData": {
            "path": "commonRes/Manchester United.png",
            "plistFile": "",
            "resourceType": 0
          },
          "scale9Enable": false,
          "scale9Height": 256,
          "scale9Width": 256
        }
      },
      {
        "classname": "Label",
        "name": null,
        "children": [],
        "options": {
          "__type": "LabelSurrogate:#EditorCommon.JsonModel.Component.GUI",
          "classname": "Label",
          "name": "team1Name",
          "ZOrder": 2,
          "actiontag": 46,
          "anchorPointX": 0.5,
          "anchorPointY": 0.5,
          "classType": "CocoStudio.EngineAdapterWrap.CSLabel",
          "colorB": 255,
          "colorG": 255,
          "colorR": 255,
          "customProperty": "",
          "flipX": false,
          "flipY": false,
          "height": 32,
          "ignoreSize": true,
          "layoutParameter": null,
          "opacity": 255,
          "positionPercentX": 0.5,
          "positionPercentY": 0.5534591,
          "positionType": 0,
          "rotation": 0,
          "scaleX": 1,
          "scaleY": 1,
          "sizePercentX": 0.3546875,
          "sizePercentY": 0.100628927,
          "sizeType": 0,
          "tag": 6,
          "touchAble": false,
          "useMergedTexture": false,
          "visible": true,
          "width": 227,
          "x": 320,
          "y": 176,
          "areaHeight": 0,
          "areaWidth": 0,
          "fontFile": null,
          "fontName": "微软雅黑",
          "fontSize": 25,
          "hAlignment": 1,
          "text": "Manchester United",
          "touchScaleEnable": false,
          "vAlignment": 1
        }
      },
      {
        "classname": "Label",
        "name": null,
        "children": [],
        "options": {
          "__type": "LabelSurrogate:#EditorCommon.JsonModel.Component.GUI",
          "classname": "Label",
          "name": "team2Name",
          "ZOrder": 2,
          "actiontag": 47,
          "anchorPointX": 0.5,
          "anchorPointY": 0.5,
          "classType": "CocoStudio.EngineAdapterWrap.CSLabel",
          "colorB": 255,
          "colorG": 255,
          "colorR": 255,
          "customProperty": "",
          "flipX": false,
          "flipY": false,
          "height": 32,
          "ignoreSize": true,
          "layoutParameter": null,
          "opacity": 255,
          "positionPercentX": 0.5,
          "positionPercentY": 0.4245283,
          "positionType": 0,
          "rotation": 0,
          "scaleX": 1,
          "scaleY": 1,
          "sizePercentX": 0.3546875,
          "sizePercentY": 0.100628927,
          "sizeType": 0,
          "tag": 7,
          "touchAble": false,
          "useMergedTexture": false,
          "visible": true,
          "width": 227,
          "x": 320,
          "y": 135,
          "areaHeight": 0,
          "areaWidth": 0,
          "fontFile": null,
          "fontName": "微软雅黑",
          "fontSize": 25,
          "hAlignment": 1,
          "text": "Manchester United",
          "touchScaleEnable": false,
          "vAlignment": 1
        }
      },
      {
        "classname": "Label",
        "name": null,
        "children": [],
        "options": {
          "__type": "LabelSurrogate:#EditorCommon.JsonModel.Component.GUI",
          "classname": "Label",
          "name": "time",
          "ZOrder": 2,
          "actiontag": 48,
          "anchorPointX": 0.5,
          "anchorPointY": 0.5,
          "classType": "CocoStudio.EngineAdapterWrap.CSLabel",
          "colorB": 79,
          "colorG": 199,
          "colorR": 93,
          "customProperty": "",
          "flipX": false,
          "flipY": false,
          "height": 65,
          "ignoreSize": true,
          "layoutParameter": null,
          "opacity": 255,
          "positionPercentX": 0.5,
          "positionPercentY": 0.7138365,
          "positionType": 0,
          "rotation": -0.186639965,
          "scaleX": 1,
          "scaleY": 1,
          "sizePercentX": 0.2,
          "sizePercentY": 0.204402521,
          "sizeType": 0,
          "tag": 8,
          "touchAble": false,
          "useMergedTexture": false,
          "visible": true,
          "width": 128,
          "x": 320,
          "y": 227,
          "areaHeight": 0,
          "areaWidth": 0,
          "fontFile": null,
          "fontName": "微软雅黑",
          "fontSize": 50,
          "hAlignment": 1,
          "text": "22:00",
          "touchScaleEnable": false,
          "vAlignment": 1
        }
      },
      {
        "classname": "Label",
        "name": null,
        "children": [],
        "options": {
          "__type": "LabelSurrogate:#EditorCommon.JsonModel.Component.GUI",
          "classname": "Label",
          "name": "Label_7",
          "ZOrder": 0,
          "actiontag": 7,
          "anchorPointX": 0.5,
          "anchorPointY": 0.5,
          "classType": "CocoStudio.EngineAdapterWrap.CSLabel",
          "colorB": 255,
          "colorG": 255,
          "colorR": 255,
          "customProperty": "",
          "flipX": false,
          "flipY": false,
          "height": 39,
          "ignoreSize": true,
          "layoutParameter": null,
          "opacity": 255,
          "positionPercentX": 0.2109375,
          "positionPercentY": 0.213836476,
          "positionType": 0,
          "rotation": 0,
          "scaleX": 1,
          "scaleY": 1,
          "sizePercentX": 0.1609375,
          "sizePercentY": 0.122641511,
          "sizeType": 0,
          "tag": 1587,
          "touchAble": false,
          "useMergedTexture": false,
          "visible": true,
          "width": 103,
          "x": 135,
          "y": 68,
          "areaHeight": 0,
          "areaWidth": 0,
          "fontFile": null,
          "fontName": "微软雅黑",
          "fontSize": 30,
          "hAlignment": 0,
          "text": "Friends",
          "touchScaleEnable": false,
          "vAlignment": 0
        }
      },
      {
        "classname": "Label",
        "name": null,
        "children": [],
        "options": {
          "__type": "LabelSurrogate:#EditorCommon.JsonModel.Component.GUI",
          "classname": "Label",
          "name": "Label_8",
          "ZOrder": 0,
          "actiontag": 9,
          "anchorPointX": 0.5,
          "anchorPointY": 0.5,
          "classType": "CocoStudio.EngineAdapterWrap.CSLabel",
          "colorB": 255,
          "colorG": 255,
          "colorR": 255,
          "customProperty": "",
          "flipX": false,
          "flipY": false,
          "height": 39,
          "ignoreSize": true,
          "layoutParameter": null,
          "opacity": 255,
          "positionPercentX": 0.45,
          "positionPercentY": 0.213836476,
          "positionType": 0,
          "rotation": 0,
          "scaleX": 1,
          "scaleY": 1,
          "sizePercentX": 0.0609375,
          "sizePercentY": 0.122641511,
          "sizeType": 0,
          "tag": 1589,
          "touchAble": false,
          "useMergedTexture": false,
          "visible": true,
          "width": 39,
          "x": 288,
          "y": 68,
          "areaHeight": 0,
          "areaWidth": 0,
          "fontFile": null,
          "fontName": "微软雅黑",
          "fontSize": 30,
          "hAlignment": 0,
          "text": "FH",
          "touchScaleEnable": false,
          "vAlignment": 0
        }
      },
      {
        "classname": "Label",
        "name": null,
        "children": [],
        "options": {
          "__type": "LabelSurrogate:#EditorCommon.JsonModel.Component.GUI",
          "classname": "Label",
          "name": "Label_9",
          "ZOrder": 0,
          "actiontag": 11,
          "anchorPointX": 0.5,
          "anchorPointY": 0.5,
          "classType": "CocoStudio.EngineAdapterWrap.CSLabel",
          "colorB": 255,
          "colorG": 255,
          "colorR": 255,
          "customProperty": "",
          "flipX": false,
          "flipY": false,
          "height": 39,
          "ignoreSize": true,
          "layoutParameter": null,
          "opacity": 255,
          "positionPercentX": 0.7046875,
          "positionPercentY": 0.213836476,
          "positionType": 0,
          "rotation": 0,
          "scaleX": 1,
          "scaleY": 1,
          "sizePercentX": 0.1484375,
          "sizePercentY": 0.122641511,
          "sizeType": 0,
          "tag": 1591,
          "touchAble": false,
          "useMergedTexture": false,
          "visible": true,
          "width": 95,
          "x": 451,
          "y": 68,
          "areaHeight": 0,
          "areaWidth": 0,
          "fontFile": null,
          "fontName": "微软雅黑",
          "fontSize": 30,
          "hAlignment": 0,
          "text": "Played",
          "touchScaleEnable": false,
          "vAlignment": 0
        }
      },
      {
        "classname": "Label",
        "name": null,
        "children": [],
        "options": {
          "__type": "LabelSurrogate:#EditorCommon.JsonModel.Component.GUI",
          "classname": "Label",
          "name": "friendNum",
          "ZOrder": 2,
          "actiontag": 13,
          "anchorPointX": 0,
          "anchorPointY": 0.5,
          "classType": "CocoStudio.EngineAdapterWrap.CSLabel",
          "colorB": 79,
          "colorG": 199,
          "colorR": 93,
          "customProperty": "",
          "flipX": false,
          "flipY": false,
          "height": 39,
          "ignoreSize": true,
          "layoutParameter": null,
          "opacity": 255,
          "positionPercentX": 0.309375,
          "positionPercentY": 0.213836476,
          "positionType": 0,
          "rotation": 0,
          "scaleX": 1,
          "scaleY": 1,
          "sizePercentX": 0.05625,
          "sizePercentY": 0.122641511,
          "sizeType": 0,
          "tag": 1593,
          "touchAble": false,
          "useMergedTexture": false,
          "visible": true,
          "width": 36,
          "x": 198,
          "y": 68,
          "areaHeight": 0,
          "areaWidth": 0,
          "fontFile": null,
          "fontName": "微软雅黑",
          "fontSize": 30,
          "hAlignment": 1,
          "text": "34",
          "touchScaleEnable": false,
          "vAlignment": 1
        }
      },
      {
        "classname": "Label",
        "name": null,
        "children": [],
        "options": {
          "__type": "LabelSurrogate:#EditorCommon.JsonModel.Component.GUI",
          "classname": "Label",
          "name": "fhNum",
          "ZOrder": 2,
          "actiontag": 15,
          "anchorPointX": 0,
          "anchorPointY": 0.5,
          "classType": "CocoStudio.EngineAdapterWrap.CSLabel",
          "colorB": 79,
          "colorG": 199,
          "colorR": 93,
          "customProperty": "",
          "flipX": false,
          "flipY": false,
          "height": 39,
          "ignoreSize": true,
          "layoutParameter": null,
          "opacity": 255,
          "positionPercentX": 0.5,
          "positionPercentY": 0.213836476,
          "positionType": 0,
          "rotation": 0,
          "scaleX": 1,
          "scaleY": 1,
          "sizePercentX": 0.084375,
          "sizePercentY": 0.122641511,
          "sizeType": 0,
          "tag": 1595,
          "touchAble": false,
          "useMergedTexture": false,
          "visible": true,
          "width": 54,
          "x": 320,
          "y": 68,
          "areaHeight": 0,
          "areaWidth": 0,
          "fontFile": null,
          "fontName": "微软雅黑",
          "fontSize": 30,
          "hAlignment": 1,
          "text": "450",
          "touchScaleEnable": false,
          "vAlignment": 1
        }
      },
      {
        "classname": "Label",
        "name": null,
        "children": [],
        "options": {
          "__type": "LabelSurrogate:#EditorCommon.JsonModel.Component.GUI",
          "classname": "Label",
          "name": "played",
          "ZOrder": 2,
          "actiontag": 17,
          "anchorPointX": 0,
          "anchorPointY": 0.5,
          "classType": "CocoStudio.EngineAdapterWrap.CSLabel",
          "colorB": 79,
          "colorG": 199,
          "colorR": 93,
          "customProperty": "",
          "flipX": false,
          "flipY": false,
          "height": 39,
          "ignoreSize": true,
          "layoutParameter": null,
          "opacity": 255,
          "positionPercentX": 0.7984375,
          "positionPercentY": 0.213836476,
          "positionType": 0,
          "rotation": 0,
          "scaleX": 1,
          "scaleY": 1,
          "sizePercentX": 0.1640625,
          "sizePercentY": 0.122641511,
          "sizeType": 0,
          "tag": 1597,
          "touchAble": false,
          "useMergedTexture": false,
          "visible": true,
          "width": 105,
          "x": 511,
          "y": 68,
          "areaHeight": 0,
          "areaWidth": 0,
          "fontFile": null,
          "fontName": "微软雅黑",
          "fontSize": 30,
          "hAlignment": 1,
          "text": "%d/%d",
          "touchScaleEnable": false,
          "vAlignment": 1
        }
      },
      {
        "classname": "ImageView",
        "name": null,
        "children": [],
        "options": {
          "__type": "ImageViewSurrogate:#EditorCommon.JsonModel.Component.GUI",
          "classname": "ImageView",
          "name": "Image_18",
          "ZOrder": 0,
          "actiontag": 18,
          "anchorPointX": 0.5,
          "anchorPointY": 0.5,
          "classType": "CocoStudio.EngineAdapterWrap.CSImageView",
          "colorB": 255,
          "colorG": 255,
          "colorR": 255,
          "customProperty": "",
          "flipX": false,
          "flipY": false,
          "height": 2,
          "ignoreSize": true,
          "layoutParameter": null,
          "opacity": 255,
          "positionPercentX": 0.5,
          "positionPercentY": 0.003144654,
          "positionType": 0,
          "rotation": 0,
          "scaleX": 2.5,
          "scaleY": 1,
          "sizePercentX": 0.375,
          "sizePercentY": 0.006289308,
          "sizeType": 0,
          "tag": 1598,
          "touchAble": false,
          "useMergedTexture": false,
          "visible": false,
          "width": 240,
          "x": 320,
          "y": 1,
          "capInsetsHeight": 1,
          "capInsetsWidth": 1,
          "capInsetsX": 0,
          "capInsetsY": 0,
          "fileName": null,
          "fileNameData": {
            "path": "MatchListContent/line.png",
            "plistFile": "",
            "resourceType": 0
          },
          "scale9Enable": false,
          "scale9Height": 2,
          "scale9Width": 240
        }
      },
      {
        "classname": "Panel",
        "name": null,
        "children": [],
        "options": {
          "__type": "PanelSurrogate:#EditorCommon.JsonModel.Component.GUI",
          "classname": "Panel",
          "name": "Panel_20",
          "ZOrder": 0,
          "actiontag": 20,
          "anchorPointX": 0,
          "anchorPointY": 0,
          "classType": "CocoStudio.EngineAdapterWrap.CSPanel",
          "colorB": 255,
          "colorG": 255,
          "colorR": 255,
          "customProperty": "",
          "flipX": false,
          "flipY": false,
          "height": 45,
          "ignoreSize": false,
          "layoutParameter": null,
          "opacity": 255,
          "positionPercentX": 0.1171875,
          "positionPercentY": 0.141509429,
          "positionType": 0,
          "rotation": 0,
          "scaleX": 1,
          "scaleY": 1,
          "sizePercentX": 0.7890625,
          "sizePercentY": 0.141509429,
          "sizeType": 0,
          "tag": 1600,
          "touchAble": true,
          "useMergedTexture": false,
          "visible": true,
          "width": 505,
          "x": 75,
          "y": 45,
          "adaptScreen": false,
          "backGroundImage": null,
          "backGroundImageData": null,
          "backGroundScale9Enable": false,
          "bgColorB": 255,
          "bgColorG": 255,
          "bgColorOpacity": 50,
          "bgColorR": 255,
          "bgEndColorB": 255,
          "bgEndColorG": 200,
          "bgEndColorR": 150,
          "bgStartColorB": 255,
          "bgStartColorG": 255,
          "bgStartColorR": 255,
          "capInsetsHeight": 1,
          "capInsetsWidth": 1,
          "capInsetsX": 0,
          "capInsetsY": 0,
          "clipAble": false,
          "colorType": 1,
          "layoutType": 0,
          "vectorX": 0,
          "vectorY": -0.5
        }
      }
    ],
    "options": {
      "__type": "PanelSurrogate:#EditorCommon.JsonModel.Component.GUI",
      "classname": "Panel",
      "name": "Panel_38",
      "ZOrder": 0,
      "actiontag": -1,
      "anchorPointX": 0,
      "anchorPointY": 0,
      "classType": "CocoStudio.EngineAdapterWrap.CSPanel",
      "colorB": 255,
      "colorG": 255,
      "colorR": 255,
      "customProperty": "",
      "flipX": false,
      "flipY": false,
      "height": 318,
      "ignoreSize": false,
      "layoutParameter": null,
      "opacity": 255,
      "positionPercentX": 0,
      "positionPercentY": 0,
      "positionType": 0,
      "rotation": 0,
      "scaleX": 1,
      "scaleY": 1,
      "sizePercentX": 1,
      "sizePercentY": 1,
      "sizeType": 0,
      "tag": 3,
      "touchAble": false,
      "useMergedTexture": false,
      "visible": true,
      "width": 640,
      "x": 0,
      "y": 0,
      "adaptScreen": false,
      "backGroundImage": null,
      "backGroundImageData": null,
      "backGroundScale9Enable": false,
      "bgColorB": 255,
      "bgColorG": 200,
      "bgColorOpacity": 100,
      "bgColorR": 150,
      "bgEndColorB": 255,
      "bgEndColorG": 200,
      "bgEndColorR": 150,
      "bgStartColorB": 255,
      "bgStartColorG": 255,
      "bgStartColorR": 255,
      "capInsetsHeight": 0,
      "capInsetsWidth": 0,
      "capInsetsX": 0,
      "capInsetsY": 0,
      "clipAble": false,
      "colorType": 0,
      "layoutType": 0,
      "vectorX": 0,
      "vectorY": -0.5
    }
  }
}