{
  "classname": null,
  "name": null,
  "animation": {
    "classname": null,
    "name": "AnimationManager",
    "actionlist": []
  },
  "dataScale": 1,
  "designHeight": 1136,
  "designWidth": 640,
  "textures": [],
  "texturesPng": [
    "Competition/btn_yellow_createNew.png",
    "Competition/code_input.png",
    "Competition/btn_yellow_small.png",
    "Competition/icn_rank_green.png",
    "Leaderboards/guangline.png",
    "Leaderboards/competition.png",
    "MatchListContent/line.png",
    "commonRes/England.png",
    "Popup/Match-List-popup-bg.png",
    "Popup/ok-popup_03.png",
    "Settings/settings-bg.jpg",
    "header/guangyun.png",
    "header/back.png",
    "commonRes/England.png",
    "FavouriteTeam/favourites-bg.jpg",
    "FavouriteTeam/ok-icon.png",
    "FavouriteTeam/ok-icon-BF.png",
    "header/footballhero-logo.png",
    "LoginNReg/signin-bg.jpg",
    "LoginNReg/forgotPassword-bg.png",
    "LoginNReg/ok-icon.png",
    "LoginNReg/cancel-icon.png",
    "header/footballhero-logo.png",
    "header/guangyun.png",
    "history/bg.png",
    "header/guangyun.png",
    "header/footballhero-logo.png",
    "header/back.png",
    "MatchPrediction/Will-both-teams-score-no.png",
    "history/hengxian.png",
    "history/blue.png",
    "history/green.png",
    "history/red.png",
    "MatchPrediction/Will-both-teams-score-no.png",
    "history/hengxian.png",
    "history/blue.png",
    "history/green.png",
    "history/red.png",
    "history/bg.png",
    "header/guangyun.png",
    "header/footballhero-logo.png",
    "history/bg.png",
    "header/guangyun.png",
    "header/back.png",
    "MatchListContent/vs-button.png",
    "commonRes/Arsenal.png",
    "history/jiantou.png",
    "history/hengxian.png",
    "history/blue.png",
    "history/green.png",
    "history/red.png",
    "history/shangsheng.png",
    "history/xiajiang.png",
    "Leaderboards/guangline.png",
    "Leaderboards/friends.png",
    "header/guangyun.png",
    "history/bg.png",
    "header/back.png",
    "MatchListContent/guang-xia.png",
    "LoginNReg/photo.png",
    "header/footballhero-logo.png",
    "header/guangyun.png",
    "history/bg.png",
    "Leaderboards/xialalan.png",
    "MatchListContent/line.png",
    "LoginNReg/Account-bg.jpg",
    "header/guangyun.png",
    "LoginNReg/facebook-icon.png",
    "LoginNReg/register-icon.png",
    "LoginNReg/line.png",
    "LoginNReg/sign-in-icon.png",
    "header/footballhero-logo.png",
    "GUI/button.png",
    "commonRes/Arsenal.png",
    "commonRes/Manchester United.png",
    "MatchListContent/line.png"
  ],
  "version": "1.5.0.0",
  "widgetTree": {
    "classname": "Panel",
    "name": null,
    "children": [
      {
        "classname": "Label",
        "name": null,
        "children": [],
        "options": {
          "__type": "LabelSurrogate:#EditorCommon.JsonModel.Component.GUI",
          "classname": "Label",
          "name": "text1",
          "ZOrder": 4,
          "actiontag": 1941,
          "anchorPointX": 0.5,
          "anchorPointY": 0.5,
          "classType": "CocoStudio.EngineAdapterWrap.CSLabel",
          "colorB": 255,
          "colorG": 255,
          "colorR": 255,
          "customProperty": "",
          "flipX": false,
          "flipY": false,
          "height": 60,
          "ignoreSize": false,
          "layoutParameter": null,
          "opacity": 255,
          "positionPercentX": 0.5,
          "positionPercentY": 0.5375,
          "positionType": 0,
          "rotation": -0.186639965,
          "scaleX": 1,
          "scaleY": 1,
          "sizePercentX": 1,
          "sizePercentY": 0.075,
          "sizeType": 0,
          "tag": 8,
          "touchAble": false,
          "useMergedTexture": false,
          "visible": true,
          "width": 640,
          "x": 320,
          "y": 430,
          "areaHeight": 60,
          "areaWidth": 640,
          "fontFile": null,
          "fontName": "微软雅黑",
          "fontSize": 30,
          "hAlignment": 1,
          "text": "No matches available.",
          "touchScaleEnable": false,
          "vAlignment": 1
        }
      },
      {
        "classname": "Label",
        "name": null,
        "children": [],
        "options": {
          "__type": "LabelSurrogate:#EditorCommon.JsonModel.Component.GUI",
          "classname": "Label",
          "name": "text2",
          "ZOrder": 4,
          "actiontag": 3,
          "anchorPointX": 0.5,
          "anchorPointY": 0.5,
          "classType": "CocoStudio.EngineAdapterWrap.CSLabel",
          "colorB": 255,
          "colorG": 255,
          "colorR": 255,
          "customProperty": "",
          "flipX": false,
          "flipY": false,
          "height": 80,
          "ignoreSize": false,
          "layoutParameter": null,
          "opacity": 255,
          "positionPercentX": 0.5,
          "positionPercentY": 0.45125,
          "positionType": 0,
          "rotation": 0,
          "scaleX": 1,
          "scaleY": 1,
          "sizePercentX": 1,
          "sizePercentY": 0.1,
          "sizeType": 0,
          "tag": 600,
          "touchAble": false,
          "useMergedTexture": false,
          "visible": true,
          "width": 640,
          "x": 320,
          "y": 361,
          "areaHeight": 80,
          "areaWidth": 640,
          "fontFile": null,
          "fontName": "微软雅黑",
          "fontSize": 25,
          "hAlignment": 1,
          "text": "Select a new competition to see more matches!",
          "touchScaleEnable": false,
          "vAlignment": 1
        }
      }
    ],
    "options": {
      "__type": "PanelSurrogate:#EditorCommon.JsonModel.Component.GUI",
      "classname": "Panel",
      "name": "Panel_38",
      "ZOrder": 0,
      "actiontag": -1,
      "anchorPointX": 0,
      "anchorPointY": 0,
      "classType": "CocoStudio.EngineAdapterWrap.CSPanel",
      "colorB": 255,
      "colorG": 255,
      "colorR": 255,
      "customProperty": "",
      "flipX": false,
      "flipY": false,
      "height": 800,
      "ignoreSize": false,
      "layoutParameter": null,
      "opacity": 255,
      "positionPercentX": 0,
      "positionPercentY": 0,
      "positionType": 0,
      "rotation": 0,
      "scaleX": 1,
      "scaleY": 1,
      "sizePercentX": 1,
      "sizePercentY": 1,
      "sizeType": 0,
      "tag": 3,
      "touchAble": false,
      "useMergedTexture": false,
      "visible": true,
      "width": 640,
      "x": 0,
      "y": 0,
      "adaptScreen": false,
      "backGroundImage": null,
      "backGroundImageData": null,
      "backGroundScale9Enable": false,
      "bgColorB": 255,
      "bgColorG": 200,
      "bgColorOpacity": 0,
      "bgColorR": 150,
      "bgEndColorB": 255,
      "bgEndColorG": 200,
      "bgEndColorR": 150,
      "bgStartColorB": 255,
      "bgStartColorG": 255,
      "bgStartColorR": 255,
      "capInsetsHeight": 0,
      "capInsetsWidth": 0,
      "capInsetsX": 0,
      "capInsetsY": 0,
      "clipAble": false,
      "colorType": 1,
      "layoutType": 0,
      "vectorX": 0,
      "vectorY": -0.5
    }
  }
}