{
  "classname": null,
  "name": null,
  "animation": {
    "classname": null,
    "name": "AnimationManager",
    "actionlist": []
  },
  "dataScale": 1,
  "designHeight": 1136,
  "designWidth": 640,
  "textures": [],
  "texturesPng": [
    "Competition/btn_yellow_createNew.png",
    "Competition/code_input.png",
    "Competition/btn_yellow_small.png",
    "Competition/icn_rank_green.png",
    "Leaderboards/guangline.png",
    "Leaderboards/competition.png",
    "MatchListContent/line.png",
    "commonRes/England.png",
    "Popup/Match-List-popup-bg.png",
    "Popup/ok-popup_03.png",
    "Settings/settings-bg.jpg",
    "header/guangyun.png",
    "header/back.png",
    "commonRes/England.png",
    "FavouriteTeam/favourites-bg.jpg",
    "FavouriteTeam/ok-icon.png",
    "FavouriteTeam/ok-icon-BF.png",
    "header/footballhero-logo.png",
    "LoginNReg/signin-bg.jpg",
    "LoginNReg/forgotPassword-bg.png",
    "LoginNReg/ok-icon.png",
    "LoginNReg/cancel-icon.png",
    "header/footballhero-logo.png",
    "header/guangyun.png",
    "history/bg.png",
    "header/guangyun.png",
    "header/footballhero-logo.png",
    "header/back.png",
    "MatchPrediction/Will-both-teams-score-no.png",
    "history/hengxian.png",
    "history/blue.png",
    "history/green.png",
    "history/red.png",
    "MatchPrediction/Will-both-teams-score-no.png",
    "history/hengxian.png",
    "history/blue.png",
    "history/green.png",
    "history/red.png",
    "history/bg.png",
    "header/guangyun.png",
    "header/footballhero-logo.png",
    "history/bg.png",
    "header/guangyun.png",
    "header/back.png",
    "MatchListContent/vs-button.png",
    "commonRes/Arsenal.png",
    "history/jiantou.png",
    "history/hengxian.png",
    "history/blue.png",
    "history/green.png",
    "history/red.png",
    "history/shangsheng.png",
    "history/xiajiang.png",
    "Leaderboards/guangline.png",
    "Leaderboards/friends.png",
    "header/guangyun.png",
    "history/bg.png",
    "header/back.png",
    "MatchListContent/guang-xia.png",
    "LoginNReg/photo.png",
    "header/footballhero-logo.png",
    "header/guangyun.png",
    "history/bg.png",
    "Leaderboards/xialalan.png",
    "MatchListContent/line.png",
    "LoginNReg/Account-bg.jpg",
    "header/guangyun.png",
    "LoginNReg/facebook-icon.png",
    "LoginNReg/register-icon.png",
    "LoginNReg/line.png",
    "LoginNReg/sign-in-icon.png",
    "header/footballhero-logo.png",
    "GUI/button.png",
    "commonRes/Arsenal.png",
    "commonRes/Manchester United.png",
    "MatchListContent/line.png",
    "MatchListScene/VS-bg.png",
    "header/footballhero-logo.png",
    "header/guangyun.png",
    "MatchListScene/3xian.png",
    "MatchListScene/liansaixuanze-bg.jpg",
    "MatchListScene/photo.png",
    "MatchPrediction/Match-List-bg.jpg",
    "commonRes/Arsenal.png",
    "commonRes/Manchester United.png",
    "header/back.png",
    "header/footballhero-logo.png",
    "header/guangyun.png",
    "Navigator/matches-black.jpg",
    "Navigator/matches-yellow.jpg",
    "Navigator/community-black.jpg",
    "Navigator/community-yellow.jpg",
    "Navigator/history-black.jpg",
    "Navigator/history-yellow.jpg",
    "Navigator/management-black.jpg",
    "Navigator/management-yellow.png",
    "MatchPrediction/Match-List-popup-bg.png",
    "commonRes/Arsenal.png",
    "MatchPrediction/email.jpg",
    "MatchPrediction/facebook.jpg",
    "MatchPrediction/confirm.png",
    "MatchPrediction/cancel.png",
    "MatchPrediction/confirm.png",
    "MatchPrediction/cancel.png",
    "PredictionConfirm/facebook-icon.png",
    "PredictionConfirm/facebook2-icon.png"
  ],
  "version": "1.5.0.0",
  "widgetTree": {
    "classname": "Panel",
    "name": null,
    "children": [
      {
        "classname": "ScrollView",
        "name": null,
        "children": [],
        "options": {
          "__type": "ScrollViewSurrogate:#EditorCommon.JsonModel.Component.GUI",
          "classname": "ScrollView",
          "name": "resultContainer",
          "ZOrder": 0,
          "actiontag": 11,
          "anchorPointX": 0,
          "anchorPointY": 0,
          "classType": "CocoStudio.EngineAdapterWrap.CSScrollView",
          "colorB": 255,
          "colorG": 255,
          "colorR": 255,
          "customProperty": "",
          "flipX": false,
          "flipY": false,
          "height": 707,
          "ignoreSize": false,
          "layoutParameter": null,
          "opacity": 255,
          "positionPercentX": 0,
          "positionPercentY": 0.199823946,
          "positionType": 0,
          "rotation": 0,
          "scaleX": 1,
          "scaleY": 1,
          "sizePercentX": 1,
          "sizePercentY": 0.622359157,
          "sizeType": 0,
          "tag": 898,
          "touchAble": true,
          "useMergedTexture": false,
          "visible": true,
          "width": 640,
          "x": 0,
          "y": 227,
          "backGroundImage": null,
          "backGroundImageData": null,
          "backGroundScale9Enable": false,
          "bgColorB": 255,
          "bgColorG": 255,
          "bgColorOpacity": 0,
          "bgColorR": 255,
          "bgEndColorB": 100,
          "bgEndColorG": 150,
          "bgEndColorR": 255,
          "bgStartColorB": 255,
          "bgStartColorG": 255,
          "bgStartColorR": 255,
          "bounceEnable": true,
          "capInsetsHeight": 1,
          "capInsetsWidth": 1,
          "capInsetsX": 0,
          "capInsetsY": 0,
          "clipAble": true,
          "colorType": 1,
          "direction": 1,
          "editorClipAble": true,
          "innerHeight": 707,
          "innerWidth": 640,
          "layoutType": 1,
          "vectorX": 0,
          "vectorY": -0.5
        }
      },
      {
        "classname": "Button",
        "name": null,
        "children": [],
        "options": {
          "__type": "ButtonSurrogate:#EditorCommon.JsonModel.Component.GUI",
          "classname": "Button",
          "name": "confirm",
          "ZOrder": 0,
          "actiontag": 536,
          "anchorPointX": 0.5,
          "anchorPointY": 0.5,
          "classType": "CocoStudio.EngineAdapterWrap.CSButton",
          "colorB": 255,
          "colorG": 255,
          "colorR": 255,
          "customProperty": "",
          "flipX": false,
          "flipY": false,
          "height": 116,
          "ignoreSize": true,
          "layoutParameter": null,
          "opacity": 255,
          "positionPercentX": 0.734375,
          "positionPercentY": 0.0528169,
          "positionType": 0,
          "rotation": 0,
          "scaleX": 1,
          "scaleY": 1,
          "sizePercentX": 0.4546875,
          "sizePercentY": 0.102112673,
          "sizeType": 0,
          "tag": 224,
          "touchAble": true,
          "useMergedTexture": false,
          "visible": true,
          "width": 291,
          "x": 470,
          "y": 60,
          "capInsetsHeight": 0,
          "capInsetsWidth": 0,
          "capInsetsX": 0,
          "capInsetsY": 0,
          "disabled": null,
          "disabledData": {
            "path": null,
            "plistFile": null,
            "resourceType": 0
          },
          "fontName": "微软雅黑",
          "fontSize": 14,
          "fontType": 0,
          "normal": null,
          "normalData": {
            "path": "MatchPrediction/confirm.png",
            "plistFile": "",
            "resourceType": 0
          },
          "pressed": null,
          "pressedData": {
            "path": "MatchPrediction/confirm.png",
            "plistFile": "",
            "resourceType": 0
          },
          "scale9Enable": false,
          "scale9Height": 116,
          "scale9Width": 291,
          "text": "",
          "textColorB": 255,
          "textColorG": 255,
          "textColorR": 255
        }
      },
      {
        "classname": "Button",
        "name": null,
        "children": [],
        "options": {
          "__type": "ButtonSurrogate:#EditorCommon.JsonModel.Component.GUI",
          "classname": "Button",
          "name": "cancel",
          "ZOrder": 0,
          "actiontag": 537,
          "anchorPointX": 0.5,
          "anchorPointY": 0.5,
          "classType": "CocoStudio.EngineAdapterWrap.CSButton",
          "colorB": 255,
          "colorG": 255,
          "colorR": 255,
          "customProperty": "",
          "flipX": false,
          "flipY": false,
          "height": 116,
          "ignoreSize": true,
          "layoutParameter": null,
          "opacity": 255,
          "positionPercentX": 0.2734375,
          "positionPercentY": 0.05193662,
          "positionType": 0,
          "rotation": 0,
          "scaleX": 1,
          "scaleY": 1,
          "sizePercentX": 0.465625,
          "sizePercentY": 0.102112673,
          "sizeType": 0,
          "tag": 225,
          "touchAble": true,
          "useMergedTexture": false,
          "visible": true,
          "width": 298,
          "x": 175,
          "y": 59,
          "capInsetsHeight": 0,
          "capInsetsWidth": 0,
          "capInsetsX": 0,
          "capInsetsY": 0,
          "disabled": null,
          "disabledData": {
            "path": null,
            "plistFile": null,
            "resourceType": 0
          },
          "fontName": "微软雅黑",
          "fontSize": 14,
          "fontType": 0,
          "normal": null,
          "normalData": {
            "path": "MatchPrediction/cancel.png",
            "plistFile": "",
            "resourceType": 0
          },
          "pressed": null,
          "pressedData": {
            "path": "MatchPrediction/cancel.png",
            "plistFile": "",
            "resourceType": 0
          },
          "scale9Enable": false,
          "scale9Height": 116,
          "scale9Width": 298,
          "text": "",
          "textColorB": 255,
          "textColorG": 255,
          "textColorR": 255
        }
      },
      {
        "classname": "CheckBox",
        "name": null,
        "children": [],
        "options": {
          "__type": "CheckBoxSurrogate:#EditorCommon.JsonModel.Component.GUI",
          "classname": "CheckBox",
          "name": "facebook",
          "ZOrder": 0,
          "actiontag": 13,
          "anchorPointX": 0,
          "anchorPointY": 1,
          "classType": "CocoStudio.EngineAdapterWrap.CSCheckBox",
          "colorB": 255,
          "colorG": 255,
          "colorR": 255,
          "customProperty": "",
          "flipX": false,
          "flipY": false,
          "height": 111,
          "ignoreSize": true,
          "layoutParameter": null,
          "opacity": 255,
          "positionPercentX": 0.040625,
          "positionPercentY": 0.19894366,
          "positionType": 0,
          "rotation": 0,
          "scaleX": 1,
          "scaleY": 1,
          "sizePercentX": 0.921875,
          "sizePercentY": 0.0977112651,
          "sizeType": 0,
          "tag": 900,
          "touchAble": true,
          "useMergedTexture": false,
          "visible": true,
          "width": 590,
          "x": 26,
          "y": 226,
          "backGroundBox": null,
          "backGroundBoxData": {
            "path": "PredictionConfirm/facebook-icon.png",
            "plistFile": "",
            "resourceType": 0
          },
          "backGroundBoxDisabled": null,
          "backGroundBoxDisabledData": {
            "path": null,
            "plistFile": null,
            "resourceType": 0
          },
          "backGroundBoxSelected": null,
          "backGroundBoxSelectedData": {
            "path": "PredictionConfirm/facebook2-icon.png",
            "plistFile": "",
            "resourceType": 0
          },
          "frontCross": null,
          "frontCrossData": {
            "path": "PredictionConfirm/facebook2-icon.png",
            "plistFile": "",
            "resourceType": 0
          },
          "frontCrossDisabled": null,
          "frontCrossDisabledData": {
            "path": "PredictionConfirm/facebook-icon.png",
            "plistFile": "",
            "resourceType": 0
          },
          "selectedState": false
        }
      }
    ],
    "options": {
      "__type": "PanelSurrogate:#EditorCommon.JsonModel.Component.GUI",
      "classname": "Panel",
      "name": "Panel_167",
      "ZOrder": 0,
      "actiontag": -1,
      "anchorPointX": 0,
      "anchorPointY": 0,
      "classType": "CocoStudio.EngineAdapterWrap.CSPanel",
      "colorB": 255,
      "colorG": 255,
      "colorR": 255,
      "customProperty": "",
      "flipX": false,
      "flipY": false,
      "height": 1136,
      "ignoreSize": false,
      "layoutParameter": null,
      "opacity": 255,
      "positionPercentX": 0,
      "positionPercentY": 0,
      "positionType": 0,
      "rotation": 0,
      "scaleX": 1,
      "scaleY": 1,
      "sizePercentX": 1,
      "sizePercentY": 1,
      "sizeType": 0,
      "tag": 16,
      "touchAble": true,
      "useMergedTexture": false,
      "visible": true,
      "width": 640,
      "x": 0,
      "y": 0,
      "adaptScreen": false,
      "backGroundImage": null,
      "backGroundImageData": null,
      "backGroundScale9Enable": false,
      "bgColorB": 0,
      "bgColorG": 0,
      "bgColorOpacity": 100,
      "bgColorR": 0,
      "bgEndColorB": 255,
      "bgEndColorG": 200,
      "bgEndColorR": 150,
      "bgStartColorB": 255,
      "bgStartColorG": 255,
      "bgStartColorR": 255,
      "capInsetsHeight": 0,
      "capInsetsWidth": 0,
      "capInsetsX": 0,
      "capInsetsY": 0,
      "clipAble": false,
      "colorType": 1,
      "layoutType": 0,
      "vectorX": 0,
      "vectorY": -0.5
    }
  }
}