{
  "classname": null,
  "name": null,
  "animation": {
    "classname": null,
    "name": "AnimationManager",
    "actionlist": []
  },
  "dataScale": 1,
  "designHeight": 1136,
  "designWidth": 640,
  "textures": [],
  "texturesPng": [
    "Competition/btn_yellow_createNew.png",
    "Competition/code_input.png",
    "Competition/btn_yellow_small.png",
    "Competition/icn_rank_green.png",
    "Leaderboards/guangline.png",
    "Leaderboards/competition.png",
    "MatchListContent/line.png",
    "commonRes/England.png",
    "Popup/Match-List-popup-bg.png",
    "Popup/ok-popup_03.png",
    "Settings/settings-bg.jpg",
    "header/guangyun.png",
    "header/back.png",
    "commonRes/England.png",
    "FavouriteTeam/favourites-bg.jpg",
    "FavouriteTeam/ok-icon.png",
    "FavouriteTeam/ok-icon-BF.png",
    "header/footballhero-logo.png",
    "LoginNReg/signin-bg.jpg",
    "LoginNReg/forgotPassword-bg.png",
    "LoginNReg/ok-icon.png",
    "LoginNReg/cancel-icon.png",
    "header/footballhero-logo.png",
    "header/guangyun.png",
    "history/bg.png",
    "header/guangyun.png",
    "header/footballhero-logo.png",
    "header/back.png",
    "MatchPrediction/Will-both-teams-score-no.png",
    "history/hengxian.png",
    "history/blue.png",
    "history/green.png",
    "history/red.png",
    "MatchPrediction/Will-both-teams-score-no.png",
    "history/hengxian.png",
    "history/blue.png",
    "history/green.png",
    "history/red.png",
    "history/bg.png",
    "header/guangyun.png",
    "header/footballhero-logo.png",
    "history/bg.png",
    "header/guangyun.png",
    "header/back.png",
    "MatchListContent/vs-button.png",
    "commonRes/Arsenal.png",
    "history/jiantou.png",
    "history/hengxian.png",
    "history/blue.png",
    "history/green.png",
    "history/red.png",
    "history/shangsheng.png",
    "history/xiajiang.png",
    "Leaderboards/guangline.png",
    "Leaderboards/friends.png",
    "header/guangyun.png",
    "history/bg.png",
    "header/back.png",
    "MatchListContent/guang-xia.png",
    "LoginNReg/photo.png",
    "header/footballhero-logo.png",
    "header/guangyun.png",
    "history/bg.png",
    "Leaderboards/xialalan.png",
    "MatchListContent/line.png",
    "LoginNReg/Account-bg.jpg",
    "header/guangyun.png",
    "LoginNReg/facebook-icon.png",
    "LoginNReg/register-icon.png",
    "LoginNReg/line.png",
    "LoginNReg/sign-in-icon.png",
    "header/footballhero-logo.png",
    "GUI/button.png",
    "commonRes/Arsenal.png",
    "commonRes/Manchester United.png",
    "MatchListContent/line.png",
    "MatchListScene/VS-bg.png",
    "header/footballhero-logo.png",
    "header/guangyun.png",
    "MatchListScene/3xian.png",
    "MatchListScene/liansaixuanze-bg.jpg",
    "MatchListScene/photo.png",
    "MatchPrediction/Match-List-bg.jpg",
    "commonRes/Arsenal.png",
    "commonRes/Manchester United.png",
    "header/back.png",
    "header/footballhero-logo.png",
    "header/guangyun.png",
    "Navigator/matches-black.jpg",
    "Navigator/matches-yellow.jpg",
    "Navigator/community-black.jpg",
    "Navigator/community-yellow.jpg",
    "Navigator/history-black.jpg",
    "Navigator/history-yellow.jpg",
    "Navigator/management-black.jpg",
    "Navigator/management-yellow.png",
    "MatchPrediction/Match-List-popup-bg.png",
    "commonRes/Arsenal.png",
    "MatchPrediction/email.jpg",
    "MatchPrediction/facebook.jpg",
    "MatchPrediction/confirm.png",
    "MatchPrediction/cancel.png",
    "MatchPrediction/confirm.png",
    "MatchPrediction/cancel.png",
    "PredictionConfirm/facebook-icon.png",
    "PredictionConfirm/facebook2-icon.png",
    "PredictionConfirm/bg-2.png",
    "MatchPrediction/Will-xx_team-score-a-goal-yes.png",
    "LoginNReg/register-bg.jpg",
    "LoginNReg/register-icon.png",
    "header/footballhero-logo.png",
    "header/back.png",
    "LoginNReg/register-name-bg.jpg",
    "LoginNReg/confirmation-icon.png",
    "LoginNReg/photo.png",
    "header/footballhero-logo.png"
  ],
  "version": "1.5.0.0",
  "widgetTree": {
    "classname": "Panel",
    "name": null,
    "children": [
      {
        "classname": "Button",
        "name": null,
        "children": [],
        "options": {
          "__type": "ButtonSurrogate:#EditorCommon.JsonModel.Component.GUI",
          "classname": "Button",
          "name": "confirm",
          "ZOrder": 2,
          "actiontag": 50,
          "anchorPointX": 0.5,
          "anchorPointY": 0.5,
          "classType": "CocoStudio.EngineAdapterWrap.CSButton",
          "colorB": 255,
          "colorG": 255,
          "colorR": 255,
          "customProperty": "",
          "flipX": false,
          "flipY": false,
          "height": 80,
          "ignoreSize": true,
          "layoutParameter": null,
          "opacity": 255,
          "positionPercentX": 0.5,
          "positionPercentY": 0.156690136,
          "positionType": 0,
          "rotation": 0,
          "scaleX": 1,
          "scaleY": 1,
          "sizePercentX": 0.85625,
          "sizePercentY": 0.07042254,
          "sizeType": 0,
          "tag": 25,
          "touchAble": true,
          "useMergedTexture": false,
          "visible": true,
          "width": 548,
          "x": 320,
          "y": 178,
          "capInsetsHeight": 0,
          "capInsetsWidth": 0,
          "capInsetsX": 0,
          "capInsetsY": 0,
          "disabled": null,
          "disabledData": {
            "path": null,
            "plistFile": null,
            "resourceType": 0
          },
          "fontName": "微软雅黑",
          "fontSize": 14,
          "fontType": 0,
          "normal": null,
          "normalData": {
            "path": "LoginNReg/confirmation-icon.png",
            "plistFile": "",
            "resourceType": 0
          },
          "pressed": null,
          "pressedData": {
            "path": null,
            "plistFile": null,
            "resourceType": 0
          },
          "scale9Enable": false,
          "scale9Height": 80,
          "scale9Width": 548,
          "text": "",
          "textColorB": 255,
          "textColorG": 255,
          "textColorR": 255
        }
      },
      {
        "classname": "Panel",
        "name": null,
        "children": [],
        "options": {
          "__type": "PanelSurrogate:#EditorCommon.JsonModel.Component.GUI",
          "classname": "Panel",
          "name": "Panel_51",
          "ZOrder": 2,
          "actiontag": 51,
          "anchorPointX": 0,
          "anchorPointY": 0,
          "classType": "CocoStudio.EngineAdapterWrap.CSPanel",
          "colorB": 255,
          "colorG": 255,
          "colorR": 255,
          "customProperty": "",
          "flipX": false,
          "flipY": false,
          "height": 60,
          "ignoreSize": false,
          "layoutParameter": null,
          "opacity": 255,
          "positionPercentX": 0,
          "positionPercentY": 0.9471831,
          "positionType": 0,
          "rotation": 0,
          "scaleX": 1,
          "scaleY": 1,
          "sizePercentX": 1,
          "sizePercentY": 0.0528169,
          "sizeType": 0,
          "tag": 26,
          "touchAble": false,
          "useMergedTexture": false,
          "visible": true,
          "width": 640,
          "x": 0,
          "y": 1076,
          "adaptScreen": false,
          "backGroundImage": null,
          "backGroundImageData": null,
          "backGroundScale9Enable": false,
          "bgColorB": 0,
          "bgColorG": 0,
          "bgColorOpacity": 255,
          "bgColorR": 0,
          "bgEndColorB": 255,
          "bgEndColorG": 200,
          "bgEndColorR": 150,
          "bgStartColorB": 255,
          "bgStartColorG": 255,
          "bgStartColorR": 255,
          "capInsetsHeight": 0,
          "capInsetsWidth": 0,
          "capInsetsX": 0,
          "capInsetsY": 0,
          "clipAble": false,
          "colorType": 1,
          "layoutType": 0,
          "vectorX": 0,
          "vectorY": -0.5
        }
      },
      {
        "classname": "ImageView",
        "name": null,
        "children": [],
        "options": {
          "__type": "ImageViewSurrogate:#EditorCommon.JsonModel.Component.GUI",
          "classname": "ImageView",
          "name": "ImageView_52",
          "ZOrder": 1,
          "actiontag": 52,
          "anchorPointX": 0.5,
          "anchorPointY": 0.5,
          "classType": "CocoStudio.EngineAdapterWrap.CSImageView",
          "colorB": 255,
          "colorG": 255,
          "colorR": 255,
          "customProperty": "",
          "flipX": false,
          "flipY": false,
          "height": 218,
          "ignoreSize": true,
          "layoutParameter": null,
          "opacity": 255,
          "positionPercentX": 0.5,
          "positionPercentY": 0.7596831,
          "positionType": 0,
          "rotation": 0,
          "scaleX": 1,
          "scaleY": 1,
          "sizePercentX": 0.3421875,
          "sizePercentY": 0.191901416,
          "sizeType": 0,
          "tag": 27,
          "touchAble": false,
          "useMergedTexture": false,
          "visible": true,
          "width": 219,
          "x": 320,
          "y": 863,
          "capInsetsHeight": 0,
          "capInsetsWidth": 0,
          "capInsetsX": 0,
          "capInsetsY": 0,
          "fileName": null,
          "fileNameData": {
            "path": "LoginNReg/photo.png",
            "plistFile": "",
            "resourceType": 0
          },
          "scale9Enable": false,
          "scale9Height": 218,
          "scale9Width": 219
        }
      },
      {
        "classname": "ImageView",
        "name": null,
        "children": [],
        "options": {
          "__type": "ImageViewSurrogate:#EditorCommon.JsonModel.Component.GUI",
          "classname": "ImageView",
          "name": "ImageView_53",
          "ZOrder": 2,
          "actiontag": 53,
          "anchorPointX": 0.5,
          "anchorPointY": 0.5,
          "classType": "CocoStudio.EngineAdapterWrap.CSImageView",
          "colorB": 255,
          "colorG": 255,
          "colorR": 255,
          "customProperty": "",
          "flipX": false,
          "flipY": false,
          "height": 54,
          "ignoreSize": true,
          "layoutParameter": null,
          "opacity": 255,
          "positionPercentX": 0.5,
          "positionPercentY": 0.972711265,
          "positionType": 0,
          "rotation": 0,
          "scaleX": 1,
          "scaleY": 1,
          "sizePercentX": 0.475,
          "sizePercentY": 0.04753521,
          "sizeType": 0,
          "tag": 28,
          "touchAble": false,
          "useMergedTexture": false,
          "visible": true,
          "width": 304,
          "x": 320,
          "y": 1105,
          "capInsetsHeight": 0,
          "capInsetsWidth": 0,
          "capInsetsX": 0,
          "capInsetsY": 0,
          "fileName": null,
          "fileNameData": {
            "path": "header/footballhero-logo.png",
            "plistFile": "",
            "resourceType": 0
          },
          "scale9Enable": false,
          "scale9Height": 54,
          "scale9Width": 304
        }
      },
      {
        "classname": "Panel",
        "name": null,
        "children": [],
        "options": {
          "__type": "PanelSurrogate:#EditorCommon.JsonModel.Component.GUI",
          "classname": "Panel",
          "name": "usernameContainer",
          "ZOrder": 2,
          "actiontag": 57,
          "anchorPointX": 0,
          "anchorPointY": 0,
          "classType": "CocoStudio.EngineAdapterWrap.CSPanel",
          "colorB": 255,
          "colorG": 255,
          "colorR": 255,
          "customProperty": "",
          "flipX": false,
          "flipY": false,
          "height": 50,
          "ignoreSize": false,
          "layoutParameter": null,
          "opacity": 255,
          "positionPercentX": 0.225,
          "positionPercentY": 0.50792253,
          "positionType": 0,
          "rotation": 0,
          "scaleX": 1,
          "scaleY": 1,
          "sizePercentX": 0.625,
          "sizePercentY": 0.0440140851,
          "sizeType": 0,
          "tag": 32,
          "touchAble": false,
          "useMergedTexture": false,
          "visible": true,
          "width": 400,
          "x": 144,
          "y": 577,
          "adaptScreen": false,
          "backGroundImage": null,
          "backGroundImageData": null,
          "backGroundScale9Enable": false,
          "bgColorB": 255,
          "bgColorG": 200,
          "bgColorOpacity": 0,
          "bgColorR": 150,
          "bgEndColorB": 255,
          "bgEndColorG": 200,
          "bgEndColorR": 150,
          "bgStartColorB": 255,
          "bgStartColorG": 255,
          "bgStartColorR": 255,
          "capInsetsHeight": 0,
          "capInsetsWidth": 0,
          "capInsetsX": 0,
          "capInsetsY": 0,
          "clipAble": true,
          "colorType": 1,
          "layoutType": 0,
          "vectorX": 0,
          "vectorY": -0.5
        }
      },
      {
        "classname": "Panel",
        "name": null,
        "children": [],
        "options": {
          "__type": "PanelSurrogate:#EditorCommon.JsonModel.Component.GUI",
          "classname": "Panel",
          "name": "firstnameContainer",
          "ZOrder": 4,
          "actiontag": 58,
          "anchorPointX": 0,
          "anchorPointY": 0,
          "classType": "CocoStudio.EngineAdapterWrap.CSPanel",
          "colorB": 255,
          "colorG": 255,
          "colorR": 255,
          "customProperty": "",
          "flipX": false,
          "flipY": false,
          "height": 50,
          "ignoreSize": false,
          "layoutParameter": null,
          "opacity": 255,
          "positionPercentX": 0.225,
          "positionPercentY": 0.375,
          "positionType": 0,
          "rotation": 0,
          "scaleX": 1,
          "scaleY": 1,
          "sizePercentX": 0.625,
          "sizePercentY": 0.0440140851,
          "sizeType": 0,
          "tag": 32,
          "touchAble": false,
          "useMergedTexture": false,
          "visible": true,
          "width": 400,
          "x": 144,
          "y": 426,
          "adaptScreen": false,
          "backGroundImage": null,
          "backGroundImageData": null,
          "backGroundScale9Enable": false,
          "bgColorB": 255,
          "bgColorG": 200,
          "bgColorOpacity": 0,
          "bgColorR": 150,
          "bgEndColorB": 255,
          "bgEndColorG": 200,
          "bgEndColorR": 150,
          "bgStartColorB": 255,
          "bgStartColorG": 255,
          "bgStartColorR": 255,
          "capInsetsHeight": 0,
          "capInsetsWidth": 0,
          "capInsetsX": 0,
          "capInsetsY": 0,
          "clipAble": true,
          "colorType": 1,
          "layoutType": 0,
          "vectorX": 0,
          "vectorY": -0.5
        }
      },
      {
        "classname": "Panel",
        "name": null,
        "children": [],
        "options": {
          "__type": "PanelSurrogate:#EditorCommon.JsonModel.Component.GUI",
          "classname": "Panel",
          "name": "lastnameContainer",
          "ZOrder": 8,
          "actiontag": 59,
          "anchorPointX": 0,
          "anchorPointY": 0,
          "classType": "CocoStudio.EngineAdapterWrap.CSPanel",
          "colorB": 255,
          "colorG": 255,
          "colorR": 255,
          "customProperty": "",
          "flipX": false,
          "flipY": false,
          "height": 50,
          "ignoreSize": false,
          "layoutParameter": null,
          "opacity": 255,
          "positionPercentX": 0.225,
          "positionPercentY": 0.244718313,
          "positionType": 0,
          "rotation": 0,
          "scaleX": 1,
          "scaleY": 1,
          "sizePercentX": 0.625,
          "sizePercentY": 0.0440140851,
          "sizeType": 0,
          "tag": 32,
          "touchAble": false,
          "useMergedTexture": false,
          "visible": true,
          "width": 400,
          "x": 144,
          "y": 278,
          "adaptScreen": false,
          "backGroundImage": null,
          "backGroundImageData": null,
          "backGroundScale9Enable": false,
          "bgColorB": 255,
          "bgColorG": 200,
          "bgColorOpacity": 0,
          "bgColorR": 150,
          "bgEndColorB": 255,
          "bgEndColorG": 200,
          "bgEndColorR": 150,
          "bgStartColorB": 255,
          "bgStartColorG": 255,
          "bgStartColorR": 255,
          "capInsetsHeight": 0,
          "capInsetsWidth": 0,
          "capInsetsX": 0,
          "capInsetsY": 0,
          "clipAble": true,
          "colorType": 1,
          "layoutType": 0,
          "vectorX": 0,
          "vectorY": -0.5
        }
      }
    ],
    "options": {
      "__type": "PanelSurrogate:#EditorCommon.JsonModel.Component.GUI",
      "classname": "Panel",
      "name": "Panel_45",
      "ZOrder": 0,
      "actiontag": -1,
      "anchorPointX": 0,
      "anchorPointY": 0,
      "classType": "CocoStudio.EngineAdapterWrap.CSPanel",
      "colorB": 255,
      "colorG": 255,
      "colorR": 255,
      "customProperty": "",
      "flipX": false,
      "flipY": false,
      "height": 1136,
      "ignoreSize": false,
      "layoutParameter": null,
      "opacity": 255,
      "positionPercentX": 0,
      "positionPercentY": 0,
      "positionType": 0,
      "rotation": 0,
      "scaleX": 1,
      "scaleY": 1,
      "sizePercentX": 1,
      "sizePercentY": 1,
      "sizeType": 0,
      "tag": 21,
      "touchAble": false,
      "useMergedTexture": false,
      "visible": true,
      "width": 640,
      "x": 0,
      "y": 0,
      "adaptScreen": false,
      "backGroundImage": null,
      "backGroundImageData": {
        "path": "LoginNReg/register-name-bg.jpg",
        "plistFile": "",
        "resourceType": 0
      },
      "backGroundScale9Enable": false,
      "bgColorB": 255,
      "bgColorG": 200,
      "bgColorOpacity": 0,
      "bgColorR": 150,
      "bgEndColorB": 255,
      "bgEndColorG": 200,
      "bgEndColorR": 150,
      "bgStartColorB": 255,
      "bgStartColorG": 255,
      "bgStartColorR": 255,
      "capInsetsHeight": 0,
      "capInsetsWidth": 0,
      "capInsetsX": 0,
      "capInsetsY": 0,
      "clipAble": false,
      "colorType": 1,
      "layoutType": 0,
      "vectorX": 0,
      "vectorY": -0.5
    }
  }
}